接口名,schema,字段名,schema中字段,字段类型(仅占位),备注,备注(开发)
kcb0601(年度担保预计【二】),0601 年度担保预计,f005Kcb0601,（二级）-担保类型,varchar(1000),原样输出,
kcb0601(年度担保预计【二】),0601 年度担保预计,f011Kcb0601,上市公司对控股子公司提供的担保总额占净资产比例,varchar(1000),小数,
kcb0601(年度担保预计【二】),0601 年度担保预计,f012Kcb0601,上市公司及其控股子公司逾期担保累计金额-金额,varchar(1000),元,
kcb0601(年度担保预计【二】),0601 年度担保预计,f009Kcb0601,上市公司及其控股子公司对外担保总额占净资产比例,varchar(1000),小数,
kcb0601(年度担保预计【二】),0601 年度担保预计,f004Kcb0601,（二级）-担保方式,varchar(1000),原样输出,
kcb0601(年度担保预计【二】),0601 年度担保预计,f006Kcb0601,（二级）-担保期限,varchar(1000),,
kcb0601(年度担保预计【二】),0601 年度担保预计,f008Kcb0601,上市公司及其控股子公司对外担保总额-金额,varchar(1000),元,
kcb0601(年度担保预计【二】),0601 年度担保预计,f001Kcb0601,（二级）-被担保人名称,varchar(1000),,
kcb0601(年度担保预计【二】),0601 年度担保预计,f002Kcb0601,被担保人是否是关联方及关联关系,varchar(1000),需要跟系统schema字段组合 被担保人是否是关联方、关联关系,
kcb0601(年度担保预计【二】),0601 年度担保预计,f003Kcb0601,（二级）-担保金额-金额,varchar(1000),元,
kcb0601(年度担保预计【二】),0601 年度担保预计,f007Kcb0601,（二级）是否有反担保,varchar(1000),,
kcb0601(年度担保预计【二】),0601 年度担保预计,f010Kcb0601,上市公司对控股子公司提供的担保总额-金额,varchar(1000),元,
kcb0402(出售资产【二】),0402 出售资产,f007Kcb0402,交易标的情况-标的账面价值,varchar(1000),元,
kcb0402(出售资产【二】),0402 出售资产,f008Kcb0402,交易标的情况-标的评估值,varchar(1000),,
kcb0402(出售资产【二】),0402 出售资产,f009Kcb0402,交易标的情况-标的增值率,varchar(1000),,
kcb0402(出售资产【二】),0402 出售资产,f003Kcb0402,交易标的情况-出售或购买的标的类别,varchar(1000),,
kcb0402(出售资产【二】),0402 出售资产,f011Kcb0402,交易详情-交易对手方与公司是否有关联关系,varchar(1000),,
kcb0402(出售资产【二】),0402 出售资产,f012Kcb0402,交易详情-关联关系,varchar(1000),,
kcb0402(出售资产【二】),0402 出售资产,f010Kcb0402,交易详情-交易对手方,varchar(1000),,
kcb0402(出售资产【二】),0402 出售资产,f001Kcb0402,交易事项,varchar(1000),,
kcb0402(出售资产【二】),0402 出售资产,f002Kcb0402,交易标的情况-出售或购买的标的名称,varchar(1000),,
kcb0402(出售资产【二】),0402 出售资产,f004Kcb0402,交易标的情况-是否属于境外资产 ,varchar(1000),,
kcb0402(出售资产【二】),0402 出售资产,f005Kcb0402,交易详情-交易金额,varchar(1000),元,
kcb0402(出售资产【二】),0402 出售资产,f006Kcb0402,交易详情-定价方式,varchar(1000),,
kcb0402(出售资产【二】),0402 出售资产,f015Kcb0402,董事会审议反对及弃权情况,varchar(1000),,
kcb0402(出售资产【二】),0402 出售资产,f014Kcb0402,本次交易带来的影响,varchar(1000),,
kcb0402(出售资产【二】),0402 出售资产,f013Kcb0402,交易详情-关联交易的必要性及对上市公司的影响（如是关联交易）,varchar(1000),,
kcb0507(向关联人委托贷款【二】),0507 向关联人委托贷款,f005Kcb0507,（二级）-董事会审议否决及弃权情况,varchar(1000),,
kcb0507(向关联人委托贷款【二】),0507 向关联人委托贷款,f006Kcb0507,（二级）-其他协议主体情况（除发行人之外的协议主体名称）,varchar(1000),,
kcb0507(向关联人委托贷款【二】),0507 向关联人委托贷款,f002Kcb0507,（二级）-标的情况,varchar(1000),,
kcb0507(向关联人委托贷款【二】),0507 向关联人委托贷款,f009Kcb0507,（二级）-关联交易的必要性及对上市公司的影响（如是关联交易）,varchar(1000),,
kcb0507(向关联人委托贷款【二】),0507 向关联人委托贷款,f010Kcb0507,（二级）-是否是重大资产重组,varchar(1000),,
kcb0507(向关联人委托贷款【二】),0507 向关联人委托贷款,f001Kcb0507,（二级）-标的名称,varchar(1000),,
kcb0507(向关联人委托贷款【二】),0507 向关联人委托贷款,f003Kcb0507,（二级）-投资金额-金额,varchar(1000),元,
kcb0507(向关联人委托贷款【二】),0507 向关联人委托贷款,f011Kcb0507,（二级）-资金来源,varchar(1000),元,
kcb0507(向关联人委托贷款【二】),0507 向关联人委托贷款,f004Kcb0507,（二级）-审议程序（是否要上股东大会决议）,varchar(1000),,
kcb0507(向关联人委托贷款【二】),0507 向关联人委托贷款,f007Kcb0507,（二级）-是否是关联交易,varchar(1000),,
kcb0507(向关联人委托贷款【二】),0507 向关联人委托贷款,f008Kcb0507,（二级）-关联关系（如是关联交易）,varchar(1000),,
kcb0901(实施利润分配和资本公积金转增【三】),0901 实施利润分配和资本公积金转增,f004Kcb0901,新增无限售流通股份上市日,varchar(1000),,
kcb0901(实施利润分配和资本公积金转增【三】),0901 实施利润分配和资本公积金转增,f005Kcb0901,现金红利发放日,varchar(1000),,
kcb0901(实施利润分配和资本公积金转增【三】),0901 实施利润分配和资本公积金转增,f006Kcb0901,股权登记日,varchar(1000),,
kcb0901(实施利润分配和资本公积金转增【三】),0901 实施利润分配和资本公积金转增,f003Kcb0901,利润分配发放年度及发放名称,varchar(1000),年度和名称组合,
kcb0901(实施利润分配和资本公积金转增【三】),0901 实施利润分配和资本公积金转增,f001Kcb0901,公告发布主体,varchar(1000),,
kcb0901(实施利润分配和资本公积金转增【三】),0901 实施利润分配和资本公积金转增,f002Kcb0901,利润分配具体方案,varchar(1000),,
kcb0901(实施利润分配和资本公积金转增【三】),0901 实施利润分配和资本公积金转增,f007Kcb0901,除权除息日,varchar(1000),,
kcb1213(因股东披露权益变动报告书或收购报告书的提示【二】),1213 因股东披露权益变动报告书或收购报告书的提示,f003Kcb1213,二级-股东名称,varchar(1000),,
kcb1213(因股东披露权益变动报告书或收购报告书的提示【二】),1213 因股东披露权益变动报告书或收购报告书的提示,f007Kcb1213,二级-变动后股份数量占比,varchar(1000),小数,
kcb1213(因股东披露权益变动报告书或收购报告书的提示【二】),1213 因股东披露权益变动报告书或收购报告书的提示,f005Kcb1213,二级-变动前股份占比,varchar(1000),小数,
kcb1213(因股东披露权益变动报告书或收购报告书的提示【二】),1213 因股东披露权益变动报告书或收购报告书的提示,f004Kcb1213,二级-变动前股份数量,varchar(1000),,
kcb1213(因股东披露权益变动报告书或收购报告书的提示【二】),1213 因股东披露权益变动报告书或收购报告书的提示,f006Kcb1213,二级-变动后股份数量,varchar(1000),,
kcb1213(因股东披露权益变动报告书或收购报告书的提示【二】),1213 因股东披露权益变动报告书或收购报告书的提示,f008Kcb1213,变动是否使公司控股股东及实际控制人发生变化,varchar(1000),,
kcb1213(因股东披露权益变动报告书或收购报告书的提示【二】),1213 因股东披露权益变动报告书或收购报告书的提示,f002Kcb1213,是否触及要约收购,varchar(1000),,
kcb1213(因股东披露权益变动报告书或收购报告书的提示【二】),1213 因股东披露权益变动报告书或收购报告书的提示,f001Kcb1213,增持或减持,varchar(1000),,
kcb2105(股权激励计划终止【三】),2105 股权激励计划终止,f001Kcb2105,终止原因,varchar(1000),,
kcb2105(股权激励计划终止【三】),2105 股权激励计划终止,f002Kcb2105,是否涉及回购注销,varchar(1000),,
kcb0502(向关联人提供担保或反担保【二】),0502 向关联人提供担保或反担保,f005Kcb0502,（二级）-担保类型,varchar(1000),,
kcb0502(向关联人提供担保或反担保【二】),0502 向关联人提供担保或反担保,f011Kcb0502,上市公司对控股子公司提供的担保总额占净资产比例,varchar(1000),小数,
kcb0502(向关联人提供担保或反担保【二】),0502 向关联人提供担保或反担保,f012Kcb0502,上市公司及其控股子公司逾期担保累计金额-金额,varchar(1000),元,
kcb0502(向关联人提供担保或反担保【二】),0502 向关联人提供担保或反担保,f009Kcb0502,上市公司及其控股子公司对外担保总额占净资产比例,varchar(1000),小数,
kcb0502(向关联人提供担保或反担保【二】),0502 向关联人提供担保或反担保,f004Kcb0502,担保方式（一般责任/连带责任）,varchar(1000),,
kcb0502(向关联人提供担保或反担保【二】),0502 向关联人提供担保或反担保,f006Kcb0502,（二级）-担保期限,varchar(1000),,
kcb0502(向关联人提供担保或反担保【二】),0502 向关联人提供担保或反担保,f008Kcb0502,上市公司及其控股子公司对外担保总额-金额,varchar(1000),元,
kcb0502(向关联人提供担保或反担保【二】),0502 向关联人提供担保或反担保,f001Kcb0502,（二级）-被担保人名称,varchar(1000),,
kcb0502(向关联人提供担保或反担保【二】),0502 向关联人提供担保或反担保,f002Kcb0502,被担保人是否是关联方及关联关系,varchar(1000),需要跟系统schema字段组合 被担保人是否是关联方、关联关系,
kcb0502(向关联人提供担保或反担保【二】),0502 向关联人提供担保或反担保,f003Kcb0502,（二级）-担保金额,varchar(1000),元,
kcb0502(向关联人提供担保或反担保【二】),0502 向关联人提供担保或反担保,f007Kcb0502,（二级）-是否有反担保,varchar(1000),,
kcb0502(向关联人提供担保或反担保【二】),0502 向关联人提供担保或反担保,f010Kcb0502,上市公司对控股子公司提供的担保总额-金额,varchar(1000),元,
kcb0603(其他对外担保【二】),0603	其他对外担保,f004Kcb0603,（二级）-担保方式,varchar(1000),,
kcb0603(其他对外担保【二】),0603	其他对外担保,f005Kcb0603,（二级）-担保类型,varchar(1000),,
kcb0603(其他对外担保【二】),0603	其他对外担保,f006Kcb0603,（二级）-担保期限,varchar(1000),,
kcb0603(其他对外担保【二】),0603	其他对外担保,f002Kcb0603,（二级）-被担保人是否是关联方及关联关系,varchar(1000),,
kcb0603(其他对外担保【二】),0603	其他对外担保,f003Kcb0603,担保金额,varchar(1000),元,
kcb0603(其他对外担保【二】),0603	其他对外担保,f008Kcb0603,上市公司及其控股子公司对外担保总额,varchar(1000),,
kcb0603(其他对外担保【二】),0603	其他对外担保,f001Kcb0603,（二级）-被担保人名称,varchar(1000),,
kcb0603(其他对外担保【二】),0603	其他对外担保,f007Kcb0603,（二级）-是否有反担保,varchar(1000),,
kcb0603(其他对外担保【二】),0603	其他对外担保,f009Kcb0603,上市公司及其控股子公司对外担保总额占净资产比例,varchar(1000),小数,
kcb0603(其他对外担保【二】),0603	其他对外担保,f010Kcb0603,上市公司对控股子公司提供的担保总额,varchar(1000),元,
kcb0603(其他对外担保【二】),0603	其他对外担保,f011Kcb0603,上市公司对控股子公司提供的担保总额占净资产比例,varchar(1000),小数,
kcb0603(其他对外担保【二】),0603	其他对外担保,f012Kcb0603,上市公司及其控股子公司逾期担保累计金额,varchar(1000),元,
kcb0604(提供反担保【二】),0604 提供反担保,f004Kcb0604,（二级）-担保方式,varchar(1000),,
kcb0604(提供反担保【二】),0604 提供反担保,f005Kcb0604,（二级）-担保类型,varchar(1000),,
kcb0604(提供反担保【二】),0604 提供反担保,f006Kcb0604,（二级）-担保期限,varchar(1000),,
kcb0604(提供反担保【二】),0604 提供反担保,f003Kcb0604,（二级）-担保金额,varchar(1000),元,
kcb0604(提供反担保【二】),0604 提供反担保,f001Kcb0604,（二级）-被担保人名称,varchar(1000),,
kcb0604(提供反担保【二】),0604 提供反担保,f002Kcb0604,（二级）-被担保人是否是关联方及关联关系,varchar(1000),,
kcb0604(提供反担保【二】),0604 提供反担保,f009Kcb0604,上市公司及其控股子公司对外担保总额占净资产比例,varchar(1000),小数,
kcb0604(提供反担保【二】),0604 提供反担保,f007Kcb0604,（二级）-是否有反担保,varchar(1000),,
kcb0604(提供反担保【二】),0604 提供反担保,f008Kcb0604,上市公司及其控股子公司对外担保总额,varchar(1000),,
kcb0604(提供反担保【二】),0604 提供反担保,f011Kcb0604,上市公司对控股子公司提供的担保总额占净资产比例,varchar(1000),小数,
kcb0604(提供反担保【二】),0604 提供反担保,f012Kcb0604,上市公司及其控股子公司逾期担保累计金额,varchar(1000),,
kcb0604(提供反担保【二】),0604 提供反担保,f010Kcb0604,上市公司对控股子公司提供的担保总额,varchar(1000),,
kcb2403(股份质押解除【二】),2403 股份质押解除,f002Kcb2403,二级-原出质人名称,varchar(1000),,
kcb2403(股份质押解除【二】),2403 股份质押解除,f001Kcb2403,公告类型,varchar(1000),,
kcb2403(股份质押解除【二】),2403 股份质押解除,f003Kcb2403,二级-解质时间,varchar(1000),,
kcb2403(股份质押解除【二】),2403 股份质押解除,f004Kcb2403,二级-本次解质股份数量占公司总股本比例,varchar(1000),小数,
kcb2403(股份质押解除【二】),2403 股份质押解除,f005Kcb2403,二级-原出质人持有上市公司股份总数占公司总股本比例,varchar(1000),小数,
kcb2403(股份质押解除【二】),2403 股份质押解除,f006Kcb2403,本次解质后剩余被质押股份数量以及占其持股总数、公司总股本比例,varchar(1000),根据本次解质后剩余XXX 进行组合,
kcb0602(为控股子公司提供担保【二】),0602	为控股子公司提供担保,f004Kcb0602,（二级）-担保方式,varchar(1000),,
kcb0602(为控股子公司提供担保【二】),0602	为控股子公司提供担保,f002Kcb0602,（二级）-被担保人是否是关联方及关联关系,varchar(1000),,
kcb0602(为控股子公司提供担保【二】),0602	为控股子公司提供担保,f005Kcb0602,（二级）-担保类型,varchar(1000),,
kcb0602(为控股子公司提供担保【二】),0602	为控股子公司提供担保,f006Kcb0602,（二级）-担保期限,varchar(1000),,
kcb0602(为控股子公司提供担保【二】),0602	为控股子公司提供担保,f009Kcb0602,上市公司及其控股子公司对外担保总额占净资产比例,varchar(1000),小数,
kcb0602(为控股子公司提供担保【二】),0602	为控股子公司提供担保,f001Kcb0602,（二级）-被担保人名称,varchar(1000),,
kcb0602(为控股子公司提供担保【二】),0602	为控股子公司提供担保,f003Kcb0602,（二级）-担保金额-金额,varchar(1000),,
kcb0602(为控股子公司提供担保【二】),0602	为控股子公司提供担保,f007Kcb0602,（二级）-是否有反担保,varchar(1000),,
kcb0602(为控股子公司提供担保【二】),0602	为控股子公司提供担保,f008Kcb0602,上市公司及其控股子公司对外担保总额-金额,varchar(1000),,
kcb0602(为控股子公司提供担保【二】),0602	为控股子公司提供担保,f010Kcb0602,上市公司对控股子公司提供的担保总额-金额,varchar(1000),,
kcb0602(为控股子公司提供担保【二】),0602	为控股子公司提供担保,f011Kcb0602,上市公司对控股子公司提供的担保总额占净资产比例,varchar(1000),小数,
kcb0602(为控股子公司提供担保【二】),0602	为控股子公司提供担保,f012Kcb0602,上市公司及其控股子公司逾期担保累计金额,varchar(1000),,
kcb0404( 委托理财【二】),0404 委托理财,f012Kcb0404,（二级）-资金来源,varchar(1000),,
kcb0404( 委托理财【二】),0404 委托理财,f004Kcb0404,（二级）-审议程序（是否要上股东大会决议）,varchar(1000),,
kcb0404( 委托理财【二】),0404 委托理财,f002Kcb0404,（二级）-标的情况,varchar(1000),,
kcb0404( 委托理财【二】),0404 委托理财,f005Kcb0404,（二级）-董事会审议否决及弃权情况,varchar(1000),由“投票情况、姓名、理由”合并而成,
kcb0404( 委托理财【二】),0404 委托理财,f006Kcb0404,（二级）-对上市公司的影响,varchar(1000),,
kcb0404( 委托理财【二】),0404 委托理财,f009Kcb0404,（二级）-关联关系（如是关联交易）,varchar(1000),,
kcb0404( 委托理财【二】),0404 委托理财,f001Kcb0404,（二级）-标的名称,varchar(1000),,
kcb0404( 委托理财【二】),0404 委托理财,f003Kcb0404,（二级）-投资金额,varchar(1000),,
kcb0404( 委托理财【二】),0404 委托理财,f007Kcb0404,（二级）-其他协议主体情况,varchar(1000),,
kcb0404( 委托理财【二】),0404 委托理财,f008Kcb0404,（二级）-是否是关联交易,varchar(1000),,
kcb0404( 委托理财【二】),0404 委托理财,f010Kcb0404,（二级）-关联交易的必要性及对上市公司的影响（如是关联交易）,varchar(1000),,
kcb0404( 委托理财【二】),0404 委托理财,f011Kcb0404,（二级）-是否是重大资产重组,varchar(1000),,
kcb1401(与再融资有关的停牌【三】),1401 与再融资有关的停牌,f001Kcb1401,停复牌原因描述,varchar(1000),,
kcb1401(与再融资有关的停牌【三】),1401 与再融资有关的停牌,f002Kcb1401,停牌时间,varchar(1000),,
kcb1401(与再融资有关的停牌【三】),1401 与再融资有关的停牌,f003Kcb1401,复牌时间,varchar(1000),,
kcb0707(归还募集资金【三】),0707 归还募集资金,f003Kcb0707,归还的比例,varchar(1000),小数,
kcb0707(归还募集资金【三】),0707 归还募集资金,f001Kcb0707,归还的金额-金额,varchar(1000),,
kcb0707(归还募集资金【三】),0707 归还募集资金,f002Kcb0707,剩余尚未归还的金额-金额,varchar(1000),,
kcb0702(超募资金/结余募集资金的使用),0702 超募资金/结余募集资金的使用（KCB数据）,f004Kcb0702,本次超募资金总额,varchar(1000),,
kcb0702(超募资金/结余募集资金的使用),0702 超募资金/结余募集资金的使用（KCB数据）,f021Kcb0702,股东大会审议情况,varchar(1000),,
kcb0702(超募资金/结余募集资金的使用),0702 超募资金/结余募集资金的使用（KCB数据）,f005Kcb0702,本次超募资金总额原文,varchar(1000),,
kcb0702(超募资金/结余募集资金的使用),0702 超募资金/结余募集资金的使用（KCB数据）,f020Kcb0702,董事会弃权情况,varchar(1000),由“投票情况、姓名、理由”合并而成,
kcb0702(超募资金/结余募集资金的使用),0702 超募资金/结余募集资金的使用（KCB数据）,f006Kcb0702,本次超募资金总额原文单位,varchar(1000),,
kcb0702(超募资金/结余募集资金的使用),0702 超募资金/结余募集资金的使用（KCB数据）,f002Kcb0702,募集资金净额原文,varchar(1000),,
kcb0702(超募资金/结余募集资金的使用),0702 超募资金/结余募集资金的使用（KCB数据）,f003Kcb0702,募集资金净额原文单位,varchar(1000),,
kcb0702(超募资金/结余募集资金的使用),0702 超募资金/结余募集资金的使用（KCB数据）,f008Kcb0702,本次使用前超募资金余额原文,varchar(1000),,
kcb0702(超募资金/结余募集资金的使用),0702 超募资金/结余募集资金的使用（KCB数据）,f001Kcb0702,募集资金净额,varchar(1000),,
kcb0702(超募资金/结余募集资金的使用),0702 超募资金/结余募集资金的使用（KCB数据）,f007Kcb0702,本次使用前超募资金余额,varchar(1000),,
kcb0702(超募资金/结余募集资金的使用),0702 超募资金/结余募集资金的使用（KCB数据）,f009Kcb0702,本次使用前超募资金余额原文单位,varchar(1000),,
kcb0702(超募资金/结余募集资金的使用),0702 超募资金/结余募集资金的使用（KCB数据）,f018Kcb0702,本次超募资金使用的目的,varchar(1000),,
kcb0702(超募资金/结余募集资金的使用),0702 超募资金/结余募集资金的使用（KCB数据）,f010Kcb0702,本次超募资金需要使用的金额,varchar(1000),,
kcb0702(超募资金/结余募集资金的使用),0702 超募资金/结余募集资金的使用（KCB数据）,f017Kcb0702,本次使用占超募资金的比例原文,varchar(1000),,
kcb0702(超募资金/结余募集资金的使用),0702 超募资金/结余募集资金的使用（KCB数据）,f019Kcb0702,董事会反对情况,varchar(1000),由“投票情况、姓名、理由”合并而成,
kcb0702(超募资金/结余募集资金的使用),0702 超募资金/结余募集资金的使用（KCB数据）,f011Kcb0702,本次超募资金需要使用的金额原文,varchar(1000),,
kcb0702(超募资金/结余募集资金的使用),0702 超募资金/结余募集资金的使用（KCB数据）,f012Kcb0702,本次超募资金需要使用的金额原文单位,varchar(1000),,
kcb0702(超募资金/结余募集资金的使用),0702 超募资金/结余募集资金的使用（KCB数据）,f013Kcb0702,计划投入募集资金金额,varchar(1000),元,
kcb0702(超募资金/结余募集资金的使用),0702 超募资金/结余募集资金的使用（KCB数据）,f014Kcb0702,计划投入募集资金金额原文,varchar(1000),,
kcb0702(超募资金/结余募集资金的使用),0702 超募资金/结余募集资金的使用（KCB数据）,f015Kcb0702,计划投入募集资金金额原文单位,varchar(1000),,
kcb0702(超募资金/结余募集资金的使用),0702 超募资金/结余募集资金的使用（KCB数据）,f016Kcb0702,本次使用占超募资金的比例,varchar(1000),小数,
kcb1922(可转债发行【三】),1922 可转债发行,f003Kcb1922,网上申购日,varchar(1000),,
kcb1922(可转债发行【三】),1922 可转债发行,f001Kcb1922,股权登记日,varchar(1000),,
kcb1922(可转债发行【三】),1922 可转债发行,f002Kcb1922,网下申购日,varchar(1000),,
kcb0425(签订战略框架协议【二】),0425 签订战略框架协议,f005Kcb0425,（二级）-协议生效时间,varchar(1000),,
kcb0425(签订战略框架协议【二】),0425 签订战略框架协议,f004Kcb0425,（二级）-协议生效条件,varchar(1000),,
kcb0425(签订战略框架协议【二】),0425 签订战略框架协议,f006Kcb0425,（二级）-对上市公司的影响,varchar(1000),,
kcb0425(签订战略框架协议【二】),0425 签订战略框架协议,f008Kcb0425,（二级）-审议程序,varchar(1000),,
kcb0425(签订战略框架协议【二】),0425 签订战略框架协议,f001Kcb0425,（二级）-协议对方名称,varchar(1000),,
kcb0425(签订战略框架协议【二】),0425 签订战略框架协议,f002Kcb0425,（二级）-协议对方与上市公司关系,varchar(1000),,
kcb0425(签订战略框架协议【二】),0425 签订战略框架协议,f003Kcb0425,（二级）-合作内容,varchar(1000),,
kcb0425(签订战略框架协议【二】),0425 签订战略框架协议,f007Kcb0425,（二级）-金额,varchar(1000),,
kcb1224(股东增持计划完成【二】),1224 股东增持计划完成,f008Kcb1224,（二级）-本次实际增持股份数量,varchar(1000),元,
kcb1224(股东增持计划完成【二】),1224 股东增持计划完成,f009Kcb1224,（二级）-本次实际增持金额,varchar(1000),元,
kcb1224(股东增持计划完成【二】),1224 股东增持计划完成,f007Kcb1224,（二级）-增持股份的目的,varchar(1000),,
kcb1224(股东增持计划完成【二】),1224 股东增持计划完成,f005Kcb1224,（二级）-实施期限,varchar(1000),,
kcb1224(股东增持计划完成【二】),1224 股东增持计划完成,f004Kcb1224,（二级）-类型,varchar(1000),,
kcb1224(股东增持计划完成【二】),1224 股东增持计划完成,f006Kcb1224,（二级）-资金来源,varchar(1000),,
kcb1224(股东增持计划完成【二】),1224 股东增持计划完成,f010Kcb1224,（二级）-本次实际增持股份比例,varchar(1000),小数,
kcb1224(股东增持计划完成【二】),1224 股东增持计划完成,f002Kcb1224,（二级）-增持主体的身份,varchar(1000),,
kcb1224(股东增持计划完成【二】),1224 股东增持计划完成,f001Kcb1224,（二级）-增持主体的名称,varchar(1000),,
kcb1224(股东增持计划完成【二】),1224 股东增持计划完成,f003Kcb1224,（二级）-增持主体本次增持前已持有股份的数量、持股比例,varchar(1000),由“增持主体本次增持前已持有股份的数量、增持主体本次增持前持股比例”合并而成,
kcb1224(股东增持计划完成【二】),1224 股东增持计划完成,f011Kcb1224,（二级）-本次实际增持占本计划规模下限的比率,varchar(1000),,
kcb1224(股东增持计划完成【二】),1224 股东增持计划完成,f012Kcb1224,（二级）-增持主体本次增持后的实际持股比例,varchar(1000),小数,
kcb1224(股东增持计划完成【二】),1224 股东增持计划完成,f013Kcb1224,（二级）-增持期限届满仍未实施增持或未达到计划最低增持额的，增持主体应当公告说明原因,varchar(1000),,
kcb2702(变更证券简称【三】),2702 变更证券简称,f003Kcb2702,（二级）-变更前的扩位简称,varchar(1000),,
kcb2702(变更证券简称【三】),2702 变更证券简称,f001Kcb2702,（二级）-变更前的简称,varchar(1000),,
kcb2702(变更证券简称【三】),2702 变更证券简称,f004Kcb2702,（二级）-变更后的扩位简称,varchar(1000),,
kcb2702(变更证券简称【三】),2702 变更证券简称,f005Kcb2702,（二级）-变更原因,varchar(1000),,
kcb2702(变更证券简称【三】),2702 变更证券简称,f002Kcb2702,（二级）-变更后的简称,varchar(1000),,
kcb2101(股权激励计划草案摘要【二】),2101 股权激励计划草案摘要,f007Kcb2101,股权激励计划的有效期,varchar(1000),,
kcb2101(股权激励计划草案摘要【二】),2101 股权激励计划草案摘要,f006Kcb2101,股权激励占比（占公司股本总额比例）,varchar(1000),小数,
kcb2101(股权激励计划草案摘要【二】),2101 股权激励计划草案摘要,f008Kcb2101,股票授予价格,varchar(1000),分成了“普通限制性股票授予价格、股票期权行权价格、限制性股票单元授予价格”,
kcb2101(股权激励计划草案摘要【二】),2101 股权激励计划草案摘要,f012Kcb2101,限制性股票单元归属条件,varchar(1000),,
kcb2101(股权激励计划草案摘要【二】),2101 股权激励计划草案摘要,f013Kcb2101,股票期权行权条件,varchar(1000),,
kcb2101(股权激励计划草案摘要【二】),2101 股权激励计划草案摘要,f014Kcb2101,对公司各期经营业绩的影响,varchar(1000),,
kcb2101(股权激励计划草案摘要【二】),2101 股权激励计划草案摘要,f003Kcb2101,激励方式,varchar(1000),,
kcb2101(股权激励计划草案摘要【二】),2101 股权激励计划草案摘要,f004Kcb2101,股份来源,varchar(1000),,
kcb2101(股权激励计划草案摘要【二】),2101 股权激励计划草案摘要,f005Kcb2101,股权激励总数,varchar(1000),,
kcb2101(股权激励计划草案摘要【二】),2101 股权激励计划草案摘要,f009Kcb2101,股票授予价格确定方法,varchar(1000),分成了“普通限制性股票授予价格确定方法、股票期权行权价格的确定方法、限制性股票单元授予价格确定方法”,
kcb2101(股权激励计划草案摘要【二】),2101 股权激励计划草案摘要,f001Kcb2101,激励对象数量,varchar(1000),,
kcb2101(股权激励计划草案摘要【二】),2101 股权激励计划草案摘要,f002Kcb2101,激励对象类型,varchar(1000),,
kcb2101(股权激励计划草案摘要【二】),2101 股权激励计划草案摘要,f010Kcb2101,股票授予条件,varchar(1000),分成了“普通限制性股票授予条件、股票期权授予条件、限制性股票单元授予条件”,
kcb2101(股权激励计划草案摘要【二】),2101 股权激励计划草案摘要,f011Kcb2101,普通限制性股票解锁条件,varchar(1000),,
kcb2620(获得其他补贴【三】),2620 获得其他补贴,f001Kcb2620,（二级）-获得补助的原因,varchar(1000),,
kcb2620(获得其他补贴【三】),2620 获得其他补贴,f002Kcb2620,（二级）-收到补助的时间,varchar(1000),,
kcb2620(获得其他补贴【三】),2620 获得其他补贴,f004Kcb2620,（二级）-补助依据,varchar(1000),,
kcb2620(获得其他补贴【三】),2620 获得其他补贴,f003Kcb2620,（二级）-收到补助的金额,varchar(1000),元,
kcb2806(撤销退市风险警示【三】),2806 撤销退市风险警示,f005Kcb2806,撤销退市风险警示的适用情形,varchar(1000),,
kcb2806(撤销退市风险警示【三】),2806 撤销退市风险警示,f001Kcb2806,撤销退市风险警示的起始日,varchar(1000),,
kcb2806(撤销退市风险警示【三】),2806 撤销退市风险警示,f002Kcb2806,撤销退市风险警示后的股票简称,varchar(1000),,
kcb2806(撤销退市风险警示【三】),2806 撤销退市风险警示,f003Kcb2806,撤销退市风险警示后的扩位股票简称,varchar(1000),,
kcb2806(撤销退市风险警示【三】),2806 撤销退市风险警示,f004Kcb2806,撤销退市风险警示后的股票代码,varchar(1000),,
kcb0530(关联交易的完成【二】),0530 关联交易的完成,f002Kcb0530,（二级）-交易金额-金额,varchar(1000),元,
kcb0530(关联交易的完成【二】),0530 关联交易的完成,f007Kcb0530,（二级）-关联交易的必要性及对上市公司的影响,varchar(1000),,
kcb0530(关联交易的完成【二】),0530 关联交易的完成,f008Kcb0530,（二级）-定价方式,varchar(1000),,
kcb0530(关联交易的完成【二】),0530 关联交易的完成,f009Kcb0530,（二级）-定价方式是否属于境外资产,varchar(1000),,
kcb0530(关联交易的完成【二】),0530 关联交易的完成,f011Kcb0530,（二级）-标的的评估值-金额,varchar(1000),元,
kcb0530(关联交易的完成【二】),0530 关联交易的完成,f012Kcb0530,（二级）-标的的增值率,varchar(1000),,
kcb0530(关联交易的完成【二】),0530 关联交易的完成,f010Kcb0530,（二级）-标的的账面价值-金额,varchar(1000),元,
kcb0530(关联交易的完成【二】),0530 关联交易的完成,f004Kcb0530,（二级）-审议程序（是否要上股东大会决议）,varchar(1000),,
kcb0530(关联交易的完成【二】),0530 关联交易的完成,f005Kcb0530,（二级）-交易对方名称,varchar(1000),,
kcb0530(关联交易的完成【二】),0530 关联交易的完成,f006Kcb0530,（二级）-关联关系,varchar(1000),,
kcb0530(关联交易的完成【二】),0530 关联交易的完成,f003Kcb0530,（二级）-关联交易类型,varchar(1000),,
kcb0530(关联交易的完成【二】),0530 关联交易的完成,f001Kcb0530,交易标的名称,varchar(1000),（二级）-交易的名称（key)和（二级）-交易的名称（补充),
kcb0504(向关联人出售资产【二】),0504 向关联人出售资产,f004Kcb0504,（二级）-是否属于境外资产,varchar(1000),,
kcb0504(向关联人出售资产【二】),0504 向关联人出售资产,f005Kcb0504,（二级）-交易金额,varchar(1000),元,
kcb0504(向关联人出售资产【二】),0504 向关联人出售资产,f006Kcb0504,（二级）-定价方式,varchar(1000),,
kcb0504(向关联人出售资产【二】),0504 向关联人出售资产,f003Kcb0504,（二级）-出售或购买的标的类别,varchar(1000),,
kcb0504(向关联人出售资产【二】),0504 向关联人出售资产,f008Kcb0504,（二级）-标的评估值,varchar(1000),元,
kcb0504(向关联人出售资产【二】),0504 向关联人出售资产,f001Kcb0504,（二级）-交易事项,varchar(1000),,
kcb0504(向关联人出售资产【二】),0504 向关联人出售资产,f007Kcb0504,（二级）-标的的账面价值,varchar(1000),元,
kcb0504(向关联人出售资产【二】),0504 向关联人出售资产,f009Kcb0504,（二级）-标的的增值率,varchar(1000),,
kcb0504(向关联人出售资产【二】),0504 向关联人出售资产,f010Kcb0504,（二级）-交易对手方,varchar(1000),,
kcb0504(向关联人出售资产【二】),0504 向关联人出售资产,f011Kcb0504,（二级）-交易对手方与公司是否有关联关系,varchar(1000),,
kcb0504(向关联人出售资产【二】),0504 向关联人出售资产,f012Kcb0504,（二级）-关联关系,varchar(1000),,
kcb0504(向关联人出售资产【二】),0504 向关联人出售资产,f013Kcb0504,（二级）-关联交易的必要性及对上市公司的影响（如是关联交易）,varchar(1000),,
kcb0504(向关联人出售资产【二】),0504 向关联人出售资产,f014Kcb0504,（二级）-董事会审议反对及弃权情况,varchar(1000),由“投票情况、姓名、理由”合并而成,
kcb0504(向关联人出售资产【二】),0504 向关联人出售资产,f002Kcb0504,出售或购买的标的名称,varchar(1000),（二级）-出售或购买的标的名称（key)和（二级）-出售或购买的标的名称（补充),
kcb0709( 前次募集资金使用情况报告【三】),0709 前次募集资金使用情况报告,f004Kcb0709,是否存在变更,varchar(1000),,
kcb0709( 前次募集资金使用情况报告【三】),0709 前次募集资金使用情况报告,f002Kcb0709,募集资金余额-金额,varchar(1000),元,
kcb0709( 前次募集资金使用情况报告【三】),0709 前次募集资金使用情况报告,f005Kcb0709,存在变更的原因和情况,varchar(1000),,
kcb0709( 前次募集资金使用情况报告【三】),0709 前次募集资金使用情况报告,f001Kcb0709,募集资金净额-金额,varchar(1000),元,
kcb0709( 前次募集资金使用情况报告【三】),0709 前次募集资金使用情况报告,f003Kcb0709,前次募集资金和本次有什么差异,varchar(1000),,
kcb0503(向关联人购买资产【二】),0503 向关联人购买资产,f009Kcb0503,（二级）-标的的增值率,varchar(1000),,
kcb0503(向关联人购买资产【二】),0503 向关联人购买资产,f012Kcb0503,（二级）-关联关系,varchar(1000),,
kcb0503(向关联人购买资产【二】),0503 向关联人购买资产,f004Kcb0503,（二级）-是否属于境外资产,varchar(1000),,
kcb0503(向关联人购买资产【二】),0503 向关联人购买资产,f005Kcb0503,（二级）-交易金额,varchar(1000),元,
kcb0503(向关联人购买资产【二】),0503 向关联人购买资产,f006Kcb0503,（二级）-定价方式,varchar(1000),,
kcb0503(向关联人购买资产【二】),0503 向关联人购买资产,f001Kcb0503,（二级）-交易事项,varchar(1000),,
kcb0503(向关联人购买资产【二】),0503 向关联人购买资产,f003Kcb0503,（二级）-出售或购买的标的类别,varchar(1000),,
kcb0503(向关联人购买资产【二】),0503 向关联人购买资产,f007Kcb0503,（二级）-标的的账面价值,varchar(1000),元,
kcb0503(向关联人购买资产【二】),0503 向关联人购买资产,f008Kcb0503,（二级）-标的评估值,varchar(1000),元,
kcb0503(向关联人购买资产【二】),0503 向关联人购买资产,f014Kcb0503,（二级）-资金来源,varchar(1000),,
kcb0503(向关联人购买资产【二】),0503 向关联人购买资产,f010Kcb0503,（二级）-交易对手方,varchar(1000),,
kcb0503(向关联人购买资产【二】),0503 向关联人购买资产,f011Kcb0503,（二级）-交易对手方与公司是否有关联关系,varchar(1000),,
kcb0503(向关联人购买资产【二】),0503 向关联人购买资产,f013Kcb0503,（二级）-关联交易的必要性及对上市公司的影响（如是关联交易）,varchar(1000),,
kcb0503(向关联人购买资产【二】),0503 向关联人购买资产,f015Kcb0503,（二级）-董事会审议反对及弃权情况,varchar(1000),由“投票情况、姓名、理由”合并而成,
kcb0503(向关联人购买资产【二】),0503 向关联人购买资产,f002Kcb0503,出售或购买的标的名称,varchar(1000),（二级）-出售或购买的标的名称（key)和（二级）-出售或购买的标的名称（补充),
kcb1220(股东减持计划【二】),1220 股东减持计划,f008Kcb1220,（二级）-实施期限,varchar(1000),,
kcb1220(股东减持计划【二】),1220 股东减持计划,f009Kcb1220,（二级）-减持目的,varchar(1000),,
kcb1220(股东减持计划【二】),1220 股东减持计划,f002Kcb1220,（二级）-减持主体的身份,varchar(1000),,
kcb1220(股东减持计划【二】),1220 股东减持计划,f004Kcb1220,（二级）-类型,varchar(1000),,
kcb1220(股东减持计划【二】),1220 股东减持计划,f007Kcb1220,价格上下限,varchar(1000),系统里分成了（二级）-价格（下限）-金额 和（二级）-价格（上限）-金额,
kcb1220(股东减持计划【二】),1220 股东减持计划,f003Kcb1220,本次减持前持股数量、持股比例,varchar(1000),系统里分成了（二级）-本次减持前持股数量-金额 和（二级）-本次减持前持股比例,
kcb1220(股东减持计划【二】),1220 股东减持计划,f005Kcb1220,金额上下限,varchar(1000),系统里分成了（二级）-金额（下限）-金额 和（二级）-金额（上限）-金额,
kcb1220(股东减持计划【二】),1220 股东减持计划,f006Kcb1220,数量上下限,varchar(1000),系统里分成了（二级）-数量（下限）-金额 和（二级）-数量（上限）-金额,
kcb1220(股东减持计划【二】),1220 股东减持计划,f001Kcb1220,（二级）-减持主体的名称,varchar(1000),,
kcb2604(计提大额资产减值准备【三】),2604 计提大额资产减值准备,f003Kcb2604,减值情况-计提大额资产减值准备金额,varchar(1000),元,
kcb2604(计提大额资产减值准备【三】),2604 计提大额资产减值准备,f004Kcb2604,减值情况-原因及合理性说明,varchar(1000),,
kcb2604(计提大额资产减值准备【三】),2604 计提大额资产减值准备,f001Kcb2604,对当年利润影响数,varchar(1000),,
kcb2604(计提大额资产减值准备【三】),2604 计提大额资产减值准备,f002Kcb2604,减值情况-计提的科目,varchar(1000),,
kcb2130(员工持股计划草案【三】),2130 员工持股计划草案,f001Kcb2130,计划参与对象,varchar(1000),,
kcb2130(员工持股计划草案【三】),2130 员工持股计划草案,f002Kcb2130,资金来源及金额,varchar(1000),资金来源及金额-资金来源，和资金来源及金额-资金来源-资金金额金额,
kcb2130(员工持股计划草案【三】),2130 员工持股计划草案,f003Kcb2130,股份来源,varchar(1000),,
kcb2130(员工持股计划草案【三】),2130 员工持股计划草案,f004Kcb2130,持股计划存续期,varchar(1000),,
kcb0809(业绩预告更正【二】),0809 业绩预告更正,f001Kcb0809,更正前预告内容-业绩预告区间,varchar(1000),,
kcb0809(业绩预告更正【二】),0809 业绩预告更正,f004Kcb0809,更正前预告内容-更正后预告内容,varchar(1000),系统在此字段后还有较多二级字段，二级字段key+value组合,
kcb0809(业绩预告更正【二】),0809 业绩预告更正,f005Kcb0809,更正前预告内容-本期业绩变化的原因,varchar(1000),,
kcb0809(业绩预告更正【二】),0809 业绩预告更正,f002Kcb0809,更正前预告内容-业绩预告类别,varchar(1000),,
kcb0809(业绩预告更正【二】),0809 业绩预告更正,f003Kcb0809,更正前预告内容-更正前预告内容,varchar(1000),系统在此字段后还有较多二级字段，二级字段key+value组合,
kcb0509(接受关联人财务资助【二】),0509	接受关联人财务资助,f003Kcb0509,（二级）-关联交易类型,varchar(1000),,
kcb0509(接受关联人财务资助【二】),0509	接受关联人财务资助,f011Kcb0509,（二级）-标的的评估值-金额,varchar(1000),元,
kcb0509(接受关联人财务资助【二】),0509	接受关联人财务资助,f012Kcb0509,（二级）-标的的增值率,varchar(1000),,
kcb0509(接受关联人财务资助【二】),0509	接受关联人财务资助,f010Kcb0509,（二级）-标的的账面价值-金额,varchar(1000),元,
kcb0509(接受关联人财务资助【二】),0509	接受关联人财务资助,f001Kcb0509,（二级）-交易标的名称,varchar(1000),,
kcb0509(接受关联人财务资助【二】),0509	接受关联人财务资助,f002Kcb0509,（二级）-交易金额-金额,varchar(1000),元,
kcb0509(接受关联人财务资助【二】),0509	接受关联人财务资助,f004Kcb0509,（二级）-审议程序（是否要上股东大会决议）,varchar(1000),,
kcb0509(接受关联人财务资助【二】),0509	接受关联人财务资助,f005Kcb0509,（二级）-交易对方名称,varchar(1000),,
kcb0509(接受关联人财务资助【二】),0509	接受关联人财务资助,f006Kcb0509,（二级）-关联关系,varchar(1000),,
kcb0509(接受关联人财务资助【二】),0509	接受关联人财务资助,f007Kcb0509,（二级）-关联交易的必要性及对上市公司的影响,varchar(1000),,
kcb0509(接受关联人财务资助【二】),0509	接受关联人财务资助,f008Kcb0509,（二级）-定价方式,varchar(1000),,
kcb0509(接受关联人财务资助【二】),0509	接受关联人财务资助,f009Kcb0509,（二级）-是否属于境外资产,varchar(1000),,
kcb1001(异常波动【二】),1001 异常变动,f002Kcb1001,（二级）-核查情况,varchar(1000),,
kcb1001(异常波动【二】),1001 异常变动,f001Kcb1001,（二级）-异常波动的情形,varchar(1000),,
kcb1411(配股发行【三】),1411 配股发行,f001Kcb1411,每10股配几股,varchar(1000),,
kcb1411(配股发行【三】),1411 配股发行,f002Kcb1411,发行的每股价格-金额,varchar(1000),元,
kcb1411(配股发行【三】),1411 配股发行,f003Kcb1411,本次可认购数量-金额,varchar(1000),元,
kcb1805(回购实施进展【二】),1805 回购实施进展,f005Kcb1805,回购期限,varchar(1000),,
kcb1805(回购实施进展【二】),1805 回购实施进展,f006Kcb1805,回购资金来源,varchar(1000),,
kcb1805(回购实施进展【二】),1805 回购实施进展,f013Kcb1805,购买的最低价,varchar(1000),,
kcb1805(回购实施进展【二】),1805 回购实施进展,f014Kcb1805,购买支付的金额,varchar(1000),元,
kcb1805(回购实施进展【二】),1805 回购实施进展,f015Kcb1805,可能导致特别表决权比例提高的，采集公司采取的将相应数量特别表决权股份转换为普通股份等具体措施内容，保证特别表决权比例不高于原有水平,varchar(1000),,
kcb1805(回购实施进展【二】),1805 回购实施进展,f009Kcb1805,已实际回购股份数量,varchar(1000),,
kcb1805(回购实施进展【二】),1805 回购实施进展,f010Kcb1805,已实际回购股份数量占公司总股本的比例,varchar(1000),小数,
kcb1805(回购实施进展【二】),1805 回购实施进展,f001Kcb1805,公告类型,varchar(1000),,
kcb1805(回购实施进展【二】),1805 回购实施进展,f002Kcb1805,拟回购股份的用途、数量、占公司总股本的比例、资金总额（提取表格）,varchar(1000),涉及多个字段，字段key+value组合,
kcb1805(回购实施进展【二】),1805 回购实施进展,f011Kcb1805,已实际回购股份数量占回购规模下限的比例,varchar(1000),小数,
kcb1805(回购实施进展【二】),1805 回购实施进展,f007Kcb1805,回购方案的实施情况,varchar(1000),,
kcb1805(回购实施进展【二】),1805 回购实施进展,f012Kcb1805,购买的最高价,varchar(1000),,
kcb1805(回购实施进展【二】),1805 回购实施进展,f003Kcb1805,价格区间,varchar(1000),两个字段形成区间：购买的最高价、购买的最低价,
kcb1805(回购实施进展【二】),1805 回购实施进展,f004Kcb1805,回购方式,varchar(1000),,
kcb1805(回购实施进展【二】),1805 回购实施进展,f008Kcb1805,本次回购股份的目的,varchar(1000),,
kcb1901(可转债上市【三】),1901 可转债上市,f002Kcb1901,限售股上市流通数量,varchar(1000),,
kcb1901(可转债上市【三】),1901 可转债上市,f001Kcb1901,上市日期,varchar(1000),,
kcb1613(重大资产重组终止【三】),1613 重大资产重组终止,f003Kcb1613,承诺事项,varchar(1000),,
kcb1613(重大资产重组终止【三】),1613 重大资产重组终止,f001Kcb1613,终止的阶段,varchar(1000),,
kcb1613(重大资产重组终止【三】),1613 重大资产重组终止,f002Kcb1613,终止的原因,varchar(1000),,
kcb1613(重大资产重组终止【三】),1613 重大资产重组终止,f004Kcb1613,对公司的影响,varchar(1000),,
kcb1303(增持详式权益变动报告书【三】),1303 增持详式权益变动报告书,f004Kcb1303,二级-权益变动的方式（二级/大宗/协议/司法化）,varchar(1000),,
kcb1303(增持详式权益变动报告书【三】),1303 增持详式权益变动报告书,f001Kcb1303,二级-增减持类型,varchar(1000),,
kcb1303(增持详式权益变动报告书【三】),1303 增持详式权益变动报告书,f002Kcb1303,减持人/增持人的减持前的持股情况,varchar(1000),变动前持股数量、比例,
kcb1303(增持详式权益变动报告书【三】),1303 增持详式权益变动报告书,f003Kcb1303,减持人/增持人的减持后的持股情况,varchar(1000),变动后持股数量、比例,
kcb2802(实施退市风险警示【三】),2802 实施退市风险警示,f003Kcb2802,（二级）-实施退市风险警示后的扩位股票简称,varchar(1000),,
kcb2802(实施退市风险警示【三】),2802 实施退市风险警示,f004Kcb2802,（二级）-实施退市风险警示后的股票代码,varchar(1000),,
kcb2802(实施退市风险警示【三】),2802 实施退市风险警示,f005Kcb2802,（二级）-实施退市风险警示的适用情形,varchar(1000),,
kcb2802(实施退市风险警示【三】),2802 实施退市风险警示,f001Kcb2802,（二级）-实施退市风险警示的起始日,varchar(1000),,
kcb2802(实施退市风险警示【三】),2802 实施退市风险警示,f002Kcb2802,（二级）-实施退市风险警示后的股票简称,varchar(1000),,
kcb0704(变更募集资金用途【三】),0704 变更募集资金用途【三】,f005Kcb0704,变更后的用途,varchar(1000),,
kcb0704(变更募集资金用途【三】),0704 变更募集资金用途【三】,f004Kcb0704,变更前的用途,varchar(1000),,
kcb0704(变更募集资金用途【三】),0704 变更募集资金用途【三】,f001Kcb0704,募集资金的总额-金额,varchar(1000),元,
kcb0704(变更募集资金用途【三】),0704 变更募集资金用途【三】,f002Kcb0704,募集资金余额-金额,varchar(1000),元,
kcb0704(变更募集资金用途【三】),0704 变更募集资金用途【三】,f003Kcb0704,变更原因,varchar(1000),,
kcb2401(股份被质押【二】),2401 股份被质押,f017Kcb2401,二级-股份质押的目的、用途,varchar(1000),,
kcb2401(股份被质押【二】),2401 股份被质押,f008Kcb2401,二级-质权人名称,varchar(1000),,
kcb2401(股份被质押【二】),2401 股份被质押,f009Kcb2401,质押期限,varchar(1000),两个字段形成期间：质押起始日、质押到期日,
kcb2401(股份被质押【二】),2401 股份被质押,f016Kcb2401,二级-本次质押后累计质押股份数量占公司总股本的比例,varchar(1000),小数,
kcb2401(股份被质押【二】),2401 股份被质押,f018Kcb2401,股份质押对上市公司控制权和日常经营的影响,varchar(1000),,
kcb2401(股份被质押【二】),2401 股份被质押,f015Kcb2401,二级-本次质押后累计质押股份数量占其持股总数的比例,varchar(1000),小数,
kcb2401(股份被质押【二】),2401 股份被质押,f006Kcb2401,二级-出质人名称,varchar(1000),,
kcb2401(股份被质押【二】),2401 股份被质押,f007Kcb2401,二级-出质人是否是控股股东及其一致行动人,varchar(1000),,
kcb2401(股份被质押【二】),2401 股份被质押,f004Kcb2401,是否属于控股股东及其一致行动人质押股份占其所持股份的比例达到80%以上的情况,varchar(1000),,
kcb2401(股份被质押【二】),2401 股份被质押,f005Kcb2401,是否属于控股股东及其一致行动人质押股份出现平仓风险,varchar(1000),,
kcb2401(股份被质押【二】),2401 股份被质押,f001Kcb2401,公告类型,varchar(1000),,
kcb2401(股份被质押【二】),2401 股份被质押,f010Kcb2401,二级-质押股份是否为限售流通股,varchar(1000),,
kcb2401(股份被质押【二】),2401 股份被质押,f002Kcb2401,是否属于控股股东及其一致行动人质押股份占其所持股份的比例达到50%以上的情况,varchar(1000),,
kcb2401(股份被质押【二】),2401 股份被质押,f003Kcb2401,是否属于控股股东及其一致行动人质押股份占其所持股份的比例达到50%以上，且出现债务逾期或其他资信恶化情形,varchar(1000),,
kcb2401(股份被质押【二】),2401 股份被质押,f011Kcb2401,质押股份数量以及占公司总股本比例,varchar(1000),两个字段：（二级）-质押股份数量-质押股份数量、（二级）-质押股份数量占公司总股本比例,
kcb2401(股份被质押【二】),2401 股份被质押,f013Kcb2401,二级-质押股份是否负担业绩补偿义务,varchar(1000),,
kcb2401(股份被质押【二】),2401 股份被质押,f012Kcb2401,出质人持有上市公司股份总数以及占公司总股本比例,varchar(1000),两个字段：（二级）-出质人持有上市公司股份总数-出质人持有上市公司股份总数、（二级）-出质人持有上市公司股份总数占公司总股本比例,
kcb2401(股份被质押【二】),2401 股份被质押,f014Kcb2401,二级-本次质押后累计质押股份数量-本次质押后累计质押股份数量,varchar(1000),,
kcb2401(股份被质押【二】),2401 股份被质押,f019Kcb2401,可能被平仓的股份数量,varchar(1000),,
kcb2401(股份被质押【二】),2401 股份被质押,f020Kcb2401,可能被平仓的股份数比例,varchar(1000),小数,
kcb2401(股份被质押【二】),2401 股份被质押,f021Kcb2401,平仓风险的化解措施,varchar(1000),,
kcb1003(其他股价异常【二】),1003 其他股价异常,f001Kcb1003,（二级）-股价异常的情形,varchar(1000),,
kcb1003(其他股价异常【二】),1003 其他股价异常,f002Kcb1003,（二级）-核查内容,varchar(1000),,
kcb1801(回购方案【二】),1801 回购方案,f003Kcb1801,价格区间,varchar(1000),回购价格或价格上限、回购价格或价格下限,
kcb1801(回购方案【二】),1801 回购方案,f004Kcb1801,回购方式,varchar(1000),,
kcb1801(回购方案【二】),1801 回购方案,f009Kcb1801,可能导致特别表决权比例提高的，采集公司采取的将相应数量特别表决权股份转换为普通股份等具体措施内容，保证特别表决权比例不高于原有水平,varchar(1000),,
kcb1801(回购方案【二】),1801 回购方案,f001Kcb1801,公告类型,varchar(1000),,
kcb1801(回购方案【二】),1801 回购方案,f002Kcb1801,拟回购股份的用途、数量、占公司总股本的比例、资金总额（提取表格）,varchar(1000),涉及多个字段，字段key+value组合,
kcb1801(回购方案【二】),1801 回购方案,f005Kcb1801,回购期限,varchar(1000),起始日到期日,
kcb1801(回购方案【二】),1801 回购方案,f006Kcb1801,回购资金来源,varchar(1000),,
kcb1801(回购方案【二】),1801 回购方案,f007Kcb1801,回购方案的实施情况,varchar(1000),,
kcb1801(回购方案【二】),1801 回购方案,f008Kcb1801,本次回购股份的目的,varchar(1000),,
kcb1302(增持简式权益变动报告书【三】),1302 增持简式权益变动报告书,f001Kcb1302,二级-增减持类型,varchar(1000),,
kcb1302(增持简式权益变动报告书【三】),1302 增持简式权益变动报告书,f002Kcb1302,减持人/增持人的减持前的持股情况,varchar(1000),变动前持股数量、比例,
kcb1302(增持简式权益变动报告书【三】),1302 增持简式权益变动报告书,f003Kcb1302,减持人/增持人的减持后的持股情况,varchar(1000),变动后持股数量、比例,
kcb1302(增持简式权益变动报告书【三】),1302 增持简式权益变动报告书,f004Kcb1302,权益变动的方式（二级/大宗/协议/司法化）,varchar(1000),,
kcb1603(取消重大资产重组并复牌【三】),1603 取消重大资产重组并复牌,f003Kcb1603,复牌时间,varchar(1000),,
kcb1603(取消重大资产重组并复牌【三】),1603 取消重大资产重组并复牌,f001Kcb1603,停复牌原因描述,varchar(1000),,
kcb1603(取消重大资产重组并复牌【三】),1603 取消重大资产重组并复牌,f002Kcb1603,停牌时间,varchar(1000),,
kcb1301(减持简式权益变动报告书【三】),1301 减持简式权益变动报告书,f001Kcb1301,二级-增减持类型,varchar(1000),,
kcb1301(减持简式权益变动报告书【三】),1301 减持简式权益变动报告书,f002Kcb1301,减持人/增持人的减持前的持股情况,varchar(1000),变动前持股数量、比例,
kcb1301(减持简式权益变动报告书【三】),1301 减持简式权益变动报告书,f003Kcb1301,减持人/增持人的减持后的持股情况,varchar(1000),变动后持股数量、比例,
kcb1301(减持简式权益变动报告书【三】),1301 减持简式权益变动报告书,f004Kcb1301,二级-权益变动的方式（二级/大宗/协议/司法化）,varchar(1000),,
kcb2601(重大亏损或重大损失【三】),2601 重大亏损或重大损失,f002Kcb2601,出现重大亏损或重大损失的原因,varchar(1000),,
kcb2601(重大亏损或重大损失【三】),2601 重大亏损或重大损失,f001Kcb2601,对当年利润影响数,varchar(1000),,
kcb2601(重大亏损或重大损失【三】),2601 重大亏损或重大损失,f003Kcb2601,金额,varchar(1000),元,"有文档金额是个区间概数, fid:1611"
kcb2601(重大亏损或重大损失【三】),2601 重大亏损或重大损失,f004Kcb2601,对公司生产经营的影响,varchar(1000),,
kcb2601(重大亏损或重大损失【三】),2601 重大亏损或重大损失,f005Kcb2601,后续扭亏措施,varchar(1000),,
kcb1809(回购实施结果暨股份变动（无股份注销）【二】),1809 回购实施结果暨股份变动,f007Kcb1809,本次股份回购方案的实施对公司的影响,varchar(1000),,
kcb1809(回购实施结果暨股份变动（无股份注销）【二】),1809 回购实施结果暨股份变动,f008Kcb1809,回购股份的用途,varchar(1000),,
kcb1809(回购实施结果暨股份变动（无股份注销）【二】),1809 回购实施结果暨股份变动,f010Kcb1809,计划与实际执行情况对比,varchar(1000),是否有差异、原因、差异情况,
kcb1809(回购实施结果暨股份变动（无股份注销）【二】),1809 回购实施结果暨股份变动,f011Kcb1809,对特别表决权的影响,varchar(1000),,
kcb1809(回购实施结果暨股份变动（无股份注销）【二】),1809 回购实施结果暨股份变动,f012Kcb1809,对特别表决权的措施,varchar(1000),,
kcb1809(回购实施结果暨股份变动（无股份注销）【二】),1809 回购实施结果暨股份变动,f003Kcb1809,回购价格最高价,varchar(1000),,
kcb1809(回购实施结果暨股份变动（无股份注销）【二】),1809 回购实施结果暨股份变动,f004Kcb1809,回购价格最低价,varchar(1000),,
kcb1809(回购实施结果暨股份变动（无股份注销）【二】),1809 回购实施结果暨股份变动,f009Kcb1809,股份用于注销的实际注销的股数,varchar(1000),,
kcb1809(回购实施结果暨股份变动（无股份注销）【二】),1809 回购实施结果暨股份变动,f001Kcb1809,实际回购股份数量,varchar(1000),,
kcb1809(回购实施结果暨股份变动（无股份注销）【二】),1809 回购实施结果暨股份变动,f002Kcb1809,实际回购股份数量占公司比例,varchar(1000),小数,
kcb1809(回购实施结果暨股份变动（无股份注销）【二】),1809 回购实施结果暨股份变动,f005Kcb1809,回购均价,varchar(1000),,
kcb1809(回购实施结果暨股份变动（无股份注销）【二】),1809 回购实施结果暨股份变动,f006Kcb1809,使用资金总额,varchar(1000),,
kcb2404(股份冻结解除【二】),2404 股份冻结解除,f001Kcb2404,二级-被解冻人名称,varchar(1000),,
kcb2404(股份冻结解除【二】),2404 股份冻结解除,f002Kcb2404,二级-解冻时间,varchar(1000),,
kcb2404(股份冻结解除【二】),2404 股份冻结解除,f004Kcb2404,被解冻人持有上市公司股份总数以及占公司总股本比例,varchar(1000),（二级）-被解冻人持有上市公司股份总数、（二级）-被解冻人持有上市公司股份总数占公司总股本比例,
kcb2404(股份冻结解除【二】),2404 股份冻结解除,f005Kcb2404,本次解冻后剩余被被冻结股份数量以及占其持股总数、公司总股本比例,varchar(1000),（二级）-本次解冻后剩余被冻结股份数量、（二级）-本次解冻后剩余被冻结股份数量占其持股总数比例、（二级）-本次解冻后剩余被冻结股份数量占公司总股本比例,
kcb2404(股份冻结解除【二】),2404 股份冻结解除,f003Kcb2404,解冻股份数量及占公司总股本比例,varchar(1000),（二级）-解冻股份数量、（二级）-解冻股份数量占公司总股本比例,
kcb1002(澄清或说明【二】),1002 澄清或说明,f001Kcb1002,（二级）-传闻基本情况,varchar(1000),,
kcb1002(澄清或说明【二】),1002 澄清或说明,f003Kcb1002,（二级）-澄清内容：如传闻涉及及控制权变更或重大资产重组等事项的声明,varchar(1000),,
kcb1002(澄清或说明【二】),1002 澄清或说明,f002Kcb1002,（二级）-澄清内容：真实情况,varchar(1000),,
kcb0501(日常关联交易【二】),0501 日常关联交易,f008Kcb0501,（二级）-关联方名称,varchar(1000),,
kcb0501(日常关联交易【二】),0501 日常关联交易,f009Kcb0501,（二级）-关联关系,varchar(1000),,
kcb0501(日常关联交易【二】),0501 日常关联交易,f003Kcb0501,日常关联交易对上市公司的影响,varchar(1000),,
kcb0501(日常关联交易【二】),0501 日常关联交易,f001Kcb0501,审议程序,varchar(1000),,
kcb0501(日常关联交易【二】),0501 日常关联交易,f002Kcb0501,董事会投票情况,varchar(1000),,
kcb0501(日常关联交易【二】),0501 日常关联交易,f004Kcb0501,本次日常关联交易-本次日常关联交易预计金额,varchar(1000),元,
kcb0501(日常关联交易【二】),0501 日常关联交易,f005Kcb0501,本次日常关联交易-本次日常关联交易类别,varchar(1000),,
kcb0501(日常关联交易【二】),0501 日常关联交易,f006Kcb0501,前次日常关联交易-前次日常关联交易的预计,varchar(1000),,
kcb0501(日常关联交易【二】),0501 日常关联交易,f007Kcb0501,前次日常关联交易-前次日常关联交易的执行情况,varchar(1000),,
kcb0529(关联交易的进展【二】),0529 关联交易的进展,f005Kcb0529,（二级）-交易对方名称,varchar(1000),,
kcb0529(关联交易的进展【二】),0529 关联交易的进展,f006Kcb0529,（二级）-关联关系,varchar(1000),,
kcb0529(关联交易的进展【二】),0529 关联交易的进展,f002Kcb0529,（二级）-交易金额-金额,varchar(1000),元,
kcb0529(关联交易的进展【二】),0529 关联交易的进展,f009Kcb0529,（二级）-是否属于境外资产,varchar(1000),,
kcb0529(关联交易的进展【二】),0529 关联交易的进展,f010Kcb0529,（二级）-标的的账面价值-金额,varchar(1000),元,
kcb0529(关联交易的进展【二】),0529 关联交易的进展,f001Kcb0529,交易标的名称,varchar(1000),（二级）-交易标的名称（key）、（二级）-交易标的名称（补充）,
kcb0529(关联交易的进展【二】),0529 关联交易的进展,f003Kcb0529,（二级）-关联交易类型,varchar(1000),,
kcb0529(关联交易的进展【二】),0529 关联交易的进展,f011Kcb0529,（二级）-标的的评估值-金额,varchar(1000),元,
kcb0529(关联交易的进展【二】),0529 关联交易的进展,f012Kcb0529,（二级）-标的的增值率,varchar(1000),,
kcb0529(关联交易的进展【二】),0529 关联交易的进展,f004Kcb0529,（二级）-审议程序,varchar(1000),,
kcb0529(关联交易的进展【二】),0529 关联交易的进展,f007Kcb0529,（二级）-关联交易的必要性及对上市公司的影响,varchar(1000),,
kcb0529(关联交易的进展【二】),0529 关联交易的进展,f008Kcb0529,（二级）-定价方式,varchar(1000),,
kcb2108(-股权激励计划授予【三】),2108 股权激励计划授予,f003Kcb2108,股权激励方式,varchar(1000),,
kcb2108(-股权激励计划授予【三】),2108 股权激励计划授予,f001Kcb2108,股权激励权益授予日,varchar(1000),,
kcb2108(-股权激励计划授予【三】),2108 股权激励计划授予,f005Kcb2108,行权价格（期权）,varchar(1000),元,
kcb2108(-股权激励计划授予【三】),2108 股权激励计划授予,f008Kcb2108,是否存在以下情况：激励对象为董事、高管的，在限制性股票授予日前6个月卖出公司股份,varchar(1000),,
kcb2108(-股权激励计划授予【三】),2108 股权激励计划授予,f009Kcb2108,预计实施本次激励计划应计提的费用,varchar(1000),,
kcb2108(-股权激励计划授予【三】),2108 股权激励计划授予,f002Kcb2108,股权激励权益授予数量,varchar(1000),,
kcb2108(-股权激励计划授予【三】),2108 股权激励计划授予,f004Kcb2108,授予价格（限制性股票）,varchar(1000),元,
kcb2108(-股权激励计划授予【三】),2108 股权激励计划授予,f006Kcb2108,激励计划的期限安排情况,varchar(1000),,
kcb2108(-股权激励计划授予【三】),2108 股权激励计划授予,f007Kcb2108,激励对象名单及授予情况,varchar(1000),,
kcb2108(-股权激励计划授予【三】),2108 股权激励计划授予,f010Kcb2108,对公司会计年度经营业绩的影响,varchar(1000),,
kcb2710(变更会计政策或者会计估计),2710 变更会计政策或者会计估计,f001Kcb2710,类型,varchar(1000),,
kcb2710(变更会计政策或者会计估计),2710 变更会计政策或者会计估计,f002Kcb2710,是否提交股东大会,varchar(1000),,
kcb2710(变更会计政策或者会计估计),2710 变更会计政策或者会计估计,f003Kcb2710,是否需要追溯调整,varchar(1000),,
kcb2710(变更会计政策或者会计估计),2710 变更会计政策或者会计估计,f004Kcb2710,是否需要追溯调整-收入是否调整,varchar(1000),,
kcb2710(变更会计政策或者会计估计),2710 变更会计政策或者会计估计,f005Kcb2710,是否需要追溯调整-净利润是否调整,varchar(1000),,
kcb1223(股东增持进展【二】),1223 股东增持进展,f008Kcb1223,（二级）-本次已增持的股份数量,varchar(1000),,
kcb1223(股东增持进展【二】),1223 股东增持进展,f009Kcb1223,（二级）-本次已增持持股比例,varchar(1000),小数,
kcb1223(股东增持进展【二】),1223 股东增持进展,f001Kcb1223,（二级）-增持主体的名称,varchar(1000),,
kcb1223(股东增持进展【二】),1223 股东增持进展,f002Kcb1223,（二级）-增持主体的身份,varchar(1000),,
kcb1223(股东增持进展【二】),1223 股东增持进展,f004Kcb1223,（二级）-类型,varchar(1000),,
kcb1223(股东增持进展【二】),1223 股东增持进展,f010Kcb1223,（二级）-本次已增持金额,varchar(1000),元,
kcb1223(股东增持进展【二】),1223 股东增持进展,f003Kcb1223,增持主体增持前已持有股份的数量、持股比例,varchar(1000),（二级）-增持主体增持前已持有股份的数量-金额、（二级）-增持主体增持前持股比例,
kcb1223(股东增持进展【二】),1223 股东增持进展,f006Kcb1223,（二级）-资金来源,varchar(1000),,
kcb1223(股东增持进展【二】),1223 股东增持进展,f012Kcb1223,（二级）-增持主体目前持股数量,varchar(1000),元,
kcb1223(股东增持进展【二】),1223 股东增持进展,f005Kcb1223,（二级）-实施期限,varchar(1000),,
kcb1223(股东增持进展【二】),1223 股东增持进展,f011Kcb1223,（二级）-本次已增持占本计划规模下限的比率,varchar(1000),,
kcb1223(股东增持进展【二】),1223 股东增持进展,f007Kcb1223,（二级）-增持股份的目的,varchar(1000),,
kcb1223(股东增持进展【二】),1223 股东增持进展,f013Kcb1223,（二级）-增持主体目前持股比例,varchar(1000),小数,
kcb0527(与关联人财务公司的交易【二】),0527	与关联人财务公司的交易,f004Kcb0527,（二级）-审议程序（是否要上股东大会决议）,varchar(1000),,
kcb0527(与关联人财务公司的交易【二】),0527	与关联人财务公司的交易,f005Kcb0527,（二级）-交易对方名称,varchar(1000),,
kcb0527(与关联人财务公司的交易【二】),0527	与关联人财务公司的交易,f006Kcb0527,（二级）-关联关系,varchar(1000),,
kcb0527(与关联人财务公司的交易【二】),0527	与关联人财务公司的交易,f003Kcb0527,（二级）-关联交易类型,varchar(1000),,
kcb0527(与关联人财务公司的交易【二】),0527	与关联人财务公司的交易,f001Kcb0527,（二级）-交易标的名称,varchar(1000),,
kcb0527(与关联人财务公司的交易【二】),0527	与关联人财务公司的交易,f002Kcb0527,（二级）-交易金额-金额,varchar(1000),元,
kcb0527(与关联人财务公司的交易【二】),0527	与关联人财务公司的交易,f007Kcb0527,（二级）-关联交易的必要性及对上市公司的影响,varchar(1000),,
kcb0527(与关联人财务公司的交易【二】),0527	与关联人财务公司的交易,f008Kcb0527,（二级）-定价方式,varchar(1000),,
kcb0527(与关联人财务公司的交易【二】),0527	与关联人财务公司的交易,f009Kcb0527,（二级）-是否属于境外资产,varchar(1000),,
kcb0527(与关联人财务公司的交易【二】),0527	与关联人财务公司的交易,f011Kcb0527,（二级）-标的的评估值-金额,varchar(1000),元,
kcb0527(与关联人财务公司的交易【二】),0527	与关联人财务公司的交易,f012Kcb0527,（二级）-标的的增值率,varchar(1000),,
kcb0527(与关联人财务公司的交易【二】),0527	与关联人财务公司的交易,f010Kcb0527,（二级）-标的的账面价值-金额,varchar(1000),元,
kcb0512(委托关联人管理资产和业务【二】),0512 委托关联人管理资产和业务,f003Kcb0512,（二级）-关联交易类型,varchar(1000),,
kcb0512(委托关联人管理资产和业务【二】),0512 委托关联人管理资产和业务,f011Kcb0512,（二级）-标的的评估值-金额,varchar(1000),元,
kcb0512(委托关联人管理资产和业务【二】),0512 委托关联人管理资产和业务,f012Kcb0512,（二级）-标的的增值率,varchar(1000),,
kcb0512(委托关联人管理资产和业务【二】),0512 委托关联人管理资产和业务,f010Kcb0512,（二级）-标的的账面价值-金额,varchar(1000),元,
kcb0512(委托关联人管理资产和业务【二】),0512 委托关联人管理资产和业务,f001Kcb0512,（二级）-交易标的名称,varchar(1000),,
kcb0512(委托关联人管理资产和业务【二】),0512 委托关联人管理资产和业务,f002Kcb0512,（二级）-交易金额-金额,varchar(1000),元,
kcb0512(委托关联人管理资产和业务【二】),0512 委托关联人管理资产和业务,f004Kcb0512,（二级）-审议程序（是否要上股东大会决议）,varchar(1000),,
kcb0512(委托关联人管理资产和业务【二】),0512 委托关联人管理资产和业务,f005Kcb0512,（二级）-交易对方名称,varchar(1000),,
kcb0512(委托关联人管理资产和业务【二】),0512 委托关联人管理资产和业务,f006Kcb0512,（二级）-关联关系,varchar(1000),,
kcb0512(委托关联人管理资产和业务【二】),0512 委托关联人管理资产和业务,f007Kcb0512,（二级）-关联交易的必要性及对上市公司的影响,varchar(1000),,
kcb0512(委托关联人管理资产和业务【二】),0512 委托关联人管理资产和业务,f008Kcb0512,（二级）-定价方式,varchar(1000),,
kcb0512(委托关联人管理资产和业务【二】),0512 委托关联人管理资产和业务,f009Kcb0512,（二级）-是否属于境外资产,varchar(1000),,
kcb0806(业绩快报【二】),0806 业绩快报,f002Kcb0806,业绩快报-主要财务数据和指标,varchar(1000),业绩快报-主要财务数据和指标名称、业绩快报-主要财务数据和指标、业绩快报-主要财务数据和指标单位,
kcb0806(业绩快报【二】),0806 业绩快报,f003Kcb0806,增减变动的原因,varchar(1000),,
kcb0806(业绩快报【二】),0806 业绩快报,f001Kcb0806,业绩快报期间,varchar(1000),,
kcb0406(提供财务资助【二】),0406 提供财务资助,f004Kcb0406,（二级）-审议程序（是否要上股东大会决议）,varchar(1000),,
kcb0406(提供财务资助【二】),0406 提供财务资助,f005Kcb0406,（二级）-董事会审议否决及弃权情况,varchar(1000),,
kcb0406(提供财务资助【二】),0406 提供财务资助,f006Kcb0406,（二级）-对上市公司的影响,varchar(1000),,
kcb0406(提供财务资助【二】),0406 提供财务资助,f003Kcb0406,（二级）-投资金额-金额,varchar(1000),元,
kcb0406(提供财务资助【二】),0406 提供财务资助,f001Kcb0406,（二级）-标的名称,varchar(1000),,
kcb0406(提供财务资助【二】),0406 提供财务资助,f002Kcb0406,（二级）-标的情况,varchar(1000),,
kcb0406(提供财务资助【二】),0406 提供财务资助,f007Kcb0406,（二级）-其他协议主体情况,varchar(1000),,
kcb0406(提供财务资助【二】),0406 提供财务资助,f008Kcb0406,（二级）-是否是关联交易,varchar(1000),,
kcb0406(提供财务资助【二】),0406 提供财务资助,f009Kcb0406,（二级）-关联关系（如是关联交易）,varchar(1000),,
kcb0406(提供财务资助【二】),0406 提供财务资助,f011Kcb0406,（二级）-是否是重大资产重组,varchar(1000),,
kcb0406(提供财务资助【二】),0406 提供财务资助,f012Kcb0406,（二级）-资金来源,varchar(1000),,
kcb0406(提供财务资助【二】),0406 提供财务资助,f010Kcb0406,（二级）-关联交易的必要性及对上市公司的影响（如是关联交易）,varchar(1000),,
kcb0505(与关联人共同投资【二】),0505 与关联人共同投资,f004Kcb0505,（二级）-审议程序（是否要上股东大会决议）,varchar(1000),,
kcb0505(与关联人共同投资【二】),0505 与关联人共同投资,f005Kcb0505,董事会审议否决及弃权情况,varchar(1000),投票情况、姓名、理由,
kcb0505(与关联人共同投资【二】),0505 与关联人共同投资,f006Kcb0505,（二级）-其他协议主体情况（除发行人之外的协议主体名称）,varchar(1000),,
kcb0505(与关联人共同投资【二】),0505 与关联人共同投资,f003Kcb0505,（二级）-投资金额,varchar(1000),元,
kcb0505(与关联人共同投资【二】),0505 与关联人共同投资,f001Kcb0505,（二级）-标的名称,varchar(1000),,
kcb0505(与关联人共同投资【二】),0505 与关联人共同投资,f002Kcb0505,（二级）-标的情况,varchar(1000),,
kcb0505(与关联人共同投资【二】),0505 与关联人共同投资,f007Kcb0505,（二级）-是否是关联交易,varchar(1000),,
kcb0505(与关联人共同投资【二】),0505 与关联人共同投资,f008Kcb0505,（二级）-关联关系（如是关联交易）,varchar(1000),,
kcb0505(与关联人共同投资【二】),0505 与关联人共同投资,f009Kcb0505,（二级）-关联交易的必要性及对上市公司的影响（如是关联交易）,varchar(1000),,
kcb0505(与关联人共同投资【二】),0505 与关联人共同投资,f011Kcb0505,（二级）-资金来源,varchar(1000),,
kcb0505(与关联人共同投资【二】),0505 与关联人共同投资,f010Kcb0505,（二级）-是否是重大资产重组,varchar(1000),,
kcb1906(可转债付息),1906 可转债付息,f001Kcb1906,（二级）-事项类别,varchar(1000),,
kcb1906(可转债付息),1906 可转债付息,f002Kcb1906,（二级）-公告日期,varchar(1000),,
kcb1906(可转债付息),1906 可转债付息,f003Kcb1906,（二级）-债权登记日,varchar(1000),,
kcb1906(可转债付息),1906 可转债付息,f004Kcb1906,（二级）-付息日,varchar(1000),,
kcb1906(可转债付息),1906 可转债付息,f005Kcb1906,（二级）-兑付日,varchar(1000),,
kcb1906(可转债付息),1906 可转债付息,f006Kcb1906,（二级）-所得税代扣代缴方式,varchar(1000),,
kcb1221(股东减持进展【二】),1221 股东减持进展,f007Kcb1221,（二级）-本次已减持的股份数量,varchar(1000),元,
kcb1221(股东减持进展【二】),1221 股东减持进展,f008Kcb1221,（二级）-本次已减持持股比例,varchar(1000),小数,
kcb1221(股东减持进展【二】),1221 股东减持进展,f010Kcb1221,（二级）-本次已减持占本计划规模下限的比率,varchar(1000),,
kcb1221(股东减持进展【二】),1221 股东减持进展,f011Kcb1221,（二级）-减持主体目前持股数量,varchar(1000),元,
kcb1221(股东减持进展【二】),1221 股东减持进展,f012Kcb1221,（二级）-减持主体目前持股比例,varchar(1000),小数,
kcb1221(股东减持进展【二】),1221 股东减持进展,f003Kcb1221,本次减持前减持主体持股数量、持股比例,varchar(1000),拆分为（二级）-持股数量-金额、（二级）-持股比例,
kcb1221(股东减持进展【二】),1221 股东减持进展,f004Kcb1221,（二级）-类型,varchar(1000),,
kcb1221(股东减持进展【二】),1221 股东减持进展,f009Kcb1221,（二级）-本次已减持金额,varchar(1000),元,
kcb1221(股东减持进展【二】),1221 股东减持进展,f002Kcb1221,（二级）-减持主体的身份,varchar(1000),,
kcb1221(股东减持进展【二】),1221 股东减持进展,f005Kcb1221,（二级）-实施期限,varchar(1000),,
kcb1221(股东减持进展【二】),1221 股东减持进展,f006Kcb1221,（二级）-减持目的,varchar(1000),,
kcb1221(股东减持进展【二】),1221 股东减持进展,f001Kcb1221,（二级）-减持主体的名称,varchar(1000),,
kcb1222(股东增持计划【二】),1222 股东增持计划,f001Kcb1222,（二级）-增持主体的名称,varchar(1000),,
kcb1222(股东增持计划【二】),1222 股东增持计划,f007Kcb1222,数量上下限,varchar(1000),拆分为（二级）-数量（上限）-金额、（二级）-数量（下限）-金额,
kcb1222(股东增持计划【二】),1222 股东增持计划,f008Kcb1222,价格上下限,varchar(1000),拆分为（二级）-价格（上限）-金额、（二级）-价格（下限）-金额,
kcb1222(股东增持计划【二】),1222 股东增持计划,f009Kcb1222,（二级）-实施期限,varchar(1000),,
kcb1222(股东增持计划【二】),1222 股东增持计划,f010Kcb1222,（二级）-资金来源,varchar(1000),,
kcb1222(股东增持计划【二】),1222 股东增持计划,f011Kcb1222,（二级）-增持股份的目的,varchar(1000),,
kcb1222(股东增持计划【二】),1222 股东增持计划,f003Kcb1222,增持主体本次增持前已持有股份的数量、持股比例,varchar(1000),拆分为（二级）-增持主体本次增持前已持有股份的数量-金额、（二级）-增持主体本次增持前持股比例,
kcb1222(股东增持计划【二】),1222 股东增持计划,f005Kcb1222,（二级）-类型,varchar(1000),,
kcb1222(股东增持计划【二】),1222 股东增持计划,f002Kcb1222,（二级）-增持主体的身份,varchar(1000),,
kcb1222(股东增持计划【二】),1222 股东增持计划,f006Kcb1222,金额上下限,varchar(1000),拆分为（二级）-价格（上限）-金额、（二级）-价格（下限）-金额,
kcb0403(对外投资【二】),0403 对外投资,f011Kcb0403,（二级）-是否是重大资产重组,varchar(1000),,
kcb0403(对外投资【二】),0403 对外投资,f012Kcb0403,（二级）-资金来源,varchar(1000),,
kcb0403(对外投资【二】),0403 对外投资,f005Kcb0403,董事会审议否决及弃权情况,varchar(1000),投票情况、姓名、理由,
kcb0403(对外投资【二】),0403 对外投资,f009Kcb0403,（二级）-关联关系（如是关联交易）,varchar(1000),,
kcb0403(对外投资【二】),0403 对外投资,f004Kcb0403,（二级）-审议程序（是否要上股东大会决议）,varchar(1000),,
kcb0403(对外投资【二】),0403 对外投资,f006Kcb0403,（二级）-对上市公司的影响,varchar(1000),,
kcb0403(对外投资【二】),0403 对外投资,f008Kcb0403,（二级）-是否是关联交易,varchar(1000),,
kcb0403(对外投资【二】),0403 对外投资,f001Kcb0403,（二级）-标的名称,varchar(1000),,
kcb0403(对外投资【二】),0403 对外投资,f002Kcb0403,（二级）-标的情况,varchar(1000),,
kcb0403(对外投资【二】),0403 对外投资,f003Kcb0403,（二级）-投资金额,varchar(1000),元,
kcb0403(对外投资【二】),0403 对外投资,f007Kcb0403,（二级）-其他协议主体情况,varchar(1000),,
kcb0403(对外投资【二】),0403 对外投资,f010Kcb0403,（二级）-关联交易的必要性及对上市公司的影响（如是关联交易）,varchar(1000),,
kcb2402(股份被冻结【二】),2402 股份被冻结,f002Kcb2402,二级-被冻结人名称,varchar(1000),,
kcb2402(股份被冻结【二】),2402 股份被冻结,f009Kcb2402,股份被冻结的影响分析,varchar(1000),,
kcb2402(股份被冻结【二】),2402 股份被冻结,f001Kcb2402,公告类型,varchar(1000),,
kcb2402(股份被冻结【二】),2402 股份被冻结,f007Kcb2402,冻结股份数量及占公司总股本比例,varchar(1000),拆分为二级-冻结股份数量、二级-冻结股份数量占公司总股本比例,
kcb2402(股份被冻结【二】),2402 股份被冻结,f003Kcb2402,二级-冻结申请人名称,varchar(1000),,
kcb2402(股份被冻结【二】),2402 股份被冻结,f004Kcb2402,二级-冻结机关名称,varchar(1000),,
kcb2402(股份被冻结【二】),2402 股份被冻结,f006Kcb2402,二级-冻结股份是否为限售流通股,varchar(1000),,
kcb2402(股份被冻结【二】),2402 股份被冻结,f008Kcb2402,二级-股份被冻结的原因,varchar(1000),,
kcb2402(股份被冻结【二】),2402 股份被冻结,f005Kcb2402,冻结期限,varchar(1000),拆分为二级-冻结起始日、二级-冻结到期日,
kcb0705(用募集资金置换预先投入的自筹资金),0705 用募集资金置换预先投入的自筹资金（KCB数据）,f014Kcb0705,会计师鉴证时点原文,varchar(1000),,
kcb0705(用募集资金置换预先投入的自筹资金),0705 用募集资金置换预先投入的自筹资金（KCB数据）,f005Kcb0705,计划投入募集资金金额原文,varchar(1000),,
kcb0705(用募集资金置换预先投入的自筹资金),0705 用募集资金置换预先投入的自筹资金（KCB数据）,f006Kcb0705,计划投入募集资金金额原文单位,varchar(1000),,
kcb0705(用募集资金置换预先投入的自筹资金),0705 用募集资金置换预先投入的自筹资金（KCB数据）,f013Kcb0705,会计师鉴证时点,varchar(1000),,
kcb0705(用募集资金置换预先投入的自筹资金),0705 用募集资金置换预先投入的自筹资金（KCB数据）,f015Kcb0705,用于置换的金额（合计数）,varchar(1000),元,
kcb0705(用募集资金置换预先投入的自筹资金),0705 用募集资金置换预先投入的自筹资金（KCB数据）,f020Kcb0705,注册时间原文,varchar(1000),,
kcb0705(用募集资金置换预先投入的自筹资金),0705 用募集资金置换预先投入的自筹资金（KCB数据）,f021Kcb0705,董事会反对情况,varchar(1000),董事会反对情况：无/反对（如有，需要提取姓名+理由）,
kcb0705(用募集资金置换预先投入的自筹资金),0705 用募集资金置换预先投入的自筹资金（KCB数据）,f022Kcb0705,董事会弃权情况,varchar(1000),董事会弃权情况：无/弃权（如有，需要提取姓名+理由）,
kcb0705(用募集资金置换预先投入的自筹资金),0705 用募集资金置换预先投入的自筹资金（KCB数据）,f023Kcb0705,股东大会审议情况,varchar(1000),,
kcb0705(用募集资金置换预先投入的自筹资金),0705 用募集资金置换预先投入的自筹资金（KCB数据）,f002Kcb0705,募集资金净额原文,varchar(1000),,
kcb0705(用募集资金置换预先投入的自筹资金),0705 用募集资金置换预先投入的自筹资金（KCB数据）,f009Kcb0705,预先投入募投项目金额原文单位,varchar(1000),,
kcb0705(用募集资金置换预先投入的自筹资金),0705 用募集资金置换预先投入的自筹资金（KCB数据）,f010Kcb0705,预先支付发行费用金额（总计）-金额,varchar(1000),元,
kcb0705(用募集资金置换预先投入的自筹资金),0705 用募集资金置换预先投入的自筹资金（KCB数据）,f001Kcb0705,募集资金净额-金额,varchar(1000),元,
kcb0705(用募集资金置换预先投入的自筹资金),0705 用募集资金置换预先投入的自筹资金（KCB数据）,f003Kcb0705,募集资金净额原文单位,varchar(1000),,
kcb0705(用募集资金置换预先投入的自筹资金),0705 用募集资金置换预先投入的自筹资金（KCB数据）,f011Kcb0705,预先支付发行费用金额原文,varchar(1000),,
kcb0705(用募集资金置换预先投入的自筹资金),0705 用募集资金置换预先投入的自筹资金（KCB数据）,f017Kcb0705,用于置换的金额（合计数）原文单位,varchar(1000),,
kcb0705(用募集资金置换预先投入的自筹资金),0705 用募集资金置换预先投入的自筹资金（KCB数据）,f018Kcb0705,是否符合募集资金到账后6个月内进行置换的条件,varchar(1000),,
kcb0705(用募集资金置换预先投入的自筹资金),0705 用募集资金置换预先投入的自筹资金（KCB数据）,f019Kcb0705,注册时间,varchar(1000),,
kcb0705(用募集资金置换预先投入的自筹资金),0705 用募集资金置换预先投入的自筹资金（KCB数据）,f012Kcb0705,预先支付发现费用金额原文单位,varchar(1000),,
kcb0705(用募集资金置换预先投入的自筹资金),0705 用募集资金置换预先投入的自筹资金（KCB数据）,f016Kcb0705,用于置换的金额（合计数）原文,varchar(1000),,
kcb0705(用募集资金置换预先投入的自筹资金),0705 用募集资金置换预先投入的自筹资金（KCB数据）,f004Kcb0705,计划投入募集资金金额-金额,varchar(1000),元,
kcb0705(用募集资金置换预先投入的自筹资金),0705 用募集资金置换预先投入的自筹资金（KCB数据）,f007Kcb0705,预先投入募投项目金额-金额,varchar(1000),元,
kcb0705(用募集资金置换预先投入的自筹资金),0705 用募集资金置换预先投入的自筹资金（KCB数据）,f008Kcb0705,预先投入募投项目金额原文,varchar(1000),,
kcb2602(发生重大债务或重大债权到期未获清偿【三】),2602 发生重大债务或重大债权到期未获清偿,f001Kcb2602,债务债权的规模,varchar(1000),,
kcb2602(发生重大债务或重大债权到期未获清偿【三】),2602 发生重大债务或重大债权到期未获清偿,f002Kcb2602,对公司的影响,varchar(1000),,
kcb2602(发生重大债务或重大债权到期未获清偿【三】),2602 发生重大债务或重大债权到期未获清偿,f003Kcb2602,债务债权类型,varchar(1000),,
kcb0506(向关联人委托理财【二】),0506 向关联人委托理财,f004Kcb0506,（二级）-审议程序（是否要上股东大会决议）,varchar(1000),,
kcb0506(向关联人委托理财【二】),0506 向关联人委托理财,f006Kcb0506,（二级）-其他协议主体情况（除发行人之外的协议主体名称）,varchar(1000),,
kcb0506(向关联人委托理财【二】),0506 向关联人委托理财,f009Kcb0506,（二级）-关联交易的必要性及对上市公司的影响（如是关联交易）,varchar(1000),,
kcb0506(向关联人委托理财【二】),0506 向关联人委托理财,f010Kcb0506,（二级）-是否是重大资产重组,varchar(1000),,
kcb0506(向关联人委托理财【二】),0506 向关联人委托理财,f008Kcb0506,（二级）-关联关系（如是关联交易）,varchar(1000),,
kcb0506(向关联人委托理财【二】),0506 向关联人委托理财,f001Kcb0506,（二级）-标的名称,varchar(1000),,
kcb0506(向关联人委托理财【二】),0506 向关联人委托理财,f002Kcb0506,（二级）-标的情况,varchar(1000),,
kcb0506(向关联人委托理财【二】),0506 向关联人委托理财,f003Kcb0506,（二级）-投资金额,varchar(1000),元,
kcb0506(向关联人委托理财【二】),0506 向关联人委托理财,f007Kcb0506,（二级）-是否是关联交易,varchar(1000),,
kcb0506(向关联人委托理财【二】),0506 向关联人委托理财,f011Kcb0506,（二级）-资金来源,varchar(1000),,
kcb0506(向关联人委托理财【二】),0506 向关联人委托理财,f005Kcb0506,董事会审议否决及弃权情况,varchar(1000),投票情况、姓名、理由,
kcb0405(委托贷款【二】),0405 委托贷款,f004Kcb0405,（二级）-审议程序（是否要上股东大会）,varchar(1000),,
kcb0405(委托贷款【二】),0405 委托贷款,f005Kcb0405,（二级）-董事会审议否决及弃权情况,varchar(1000),,
kcb0405(委托贷款【二】),0405 委托贷款,f006Kcb0405,（二级）-对上市公司的影响,varchar(1000),,
kcb0405(委托贷款【二】),0405 委托贷款,f002Kcb0405,（二级）-标的情况,varchar(1000),,
kcb0405(委托贷款【二】),0405 委托贷款,f003Kcb0405,（二级）-投资金额-金额,varchar(1000),元,
kcb0405(委托贷款【二】),0405 委托贷款,f008Kcb0405,（二级）-是否是关联交易,varchar(1000),,
kcb0405(委托贷款【二】),0405 委托贷款,f001Kcb0405,（二级）-标的名称,varchar(1000),,
kcb0405(委托贷款【二】),0405 委托贷款,f007Kcb0405,（二级）-其他协议主体情况,varchar(1000),,
kcb0405(委托贷款【二】),0405 委托贷款,f009Kcb0405,（二级）-关联关系（如是关联交易）,varchar(1000),,
kcb0405(委托贷款【二】),0405 委托贷款,f010Kcb0405,（二级）-关联交易的必要性及对上市公司的影响（如是关联交易）,varchar(1000),,
kcb0405(委托贷款【二】),0405 委托贷款,f011Kcb0405,（二级）-是否是重大资产重组,varchar(1000),,
kcb0405(委托贷款【二】),0405 委托贷款,f012Kcb0405,（二级）-资金来源,varchar(1000),,
kcb0799( 其他与募集资金使用与管理有关的事项),0799 其他与募集资金使用与管理有关的事项,f005Kcb0799,投资产品类型,varchar(1000),,
kcb0799( 其他与募集资金使用与管理有关的事项),0799 其他与募集资金使用与管理有关的事项,f009Kcb0799,董事会授权实施主体,varchar(1000),,
kcb0799( 其他与募集资金使用与管理有关的事项),0799 其他与募集资金使用与管理有关的事项,f004Kcb0799,现金管理期限,varchar(1000),,
kcb0799( 其他与募集资金使用与管理有关的事项),0799 其他与募集资金使用与管理有关的事项,f006Kcb0799,募集资金净额-金额,varchar(1000),元,
kcb0799( 其他与募集资金使用与管理有关的事项),0799 其他与募集资金使用与管理有关的事项,f008Kcb0799,募集资金净额原文单位,varchar(1000),,
kcb0799( 其他与募集资金使用与管理有关的事项),0799 其他与募集资金使用与管理有关的事项,f001Kcb0799,现金管理额度-金额,varchar(1000),元,
kcb0799( 其他与募集资金使用与管理有关的事项),0799 其他与募集资金使用与管理有关的事项,f002Kcb0799,现金管理制度原文,varchar(1000),,
kcb0799( 其他与募集资金使用与管理有关的事项),0799 其他与募集资金使用与管理有关的事项,f003Kcb0799,现金管理制度原文单位,varchar(1000),,
kcb0799( 其他与募集资金使用与管理有关的事项),0799 其他与募集资金使用与管理有关的事项,f007Kcb0799,募集资金净额原文,varchar(1000),,
kcb1214(控股股东或实际控制人发生变动的提示【二】),1214 控股股东或实际控制人发生变动的提示,f007Kcb1214,二级-变动后股份数量占比,varchar(1000),,
kcb1214(控股股东或实际控制人发生变动的提示【二】),1214 控股股东或实际控制人发生变动的提示,f003Kcb1214,二级-股东名称,varchar(1000),,
kcb1214(控股股东或实际控制人发生变动的提示【二】),1214 控股股东或实际控制人发生变动的提示,f002Kcb1214,是否触及要约收购,varchar(1000),,
kcb1214(控股股东或实际控制人发生变动的提示【二】),1214 控股股东或实际控制人发生变动的提示,f001Kcb1214,增持或减持,varchar(1000),,
kcb1214(控股股东或实际控制人发生变动的提示【二】),1214 控股股东或实际控制人发生变动的提示,f004Kcb1214,变动前股份数量,varchar(1000),需要跟系统schema字段 （二级）-变动前股份数量  及  （二级）-变动前股份数量单位  组合,
kcb1214(控股股东或实际控制人发生变动的提示【二】),1214 控股股东或实际控制人发生变动的提示,f008Kcb1214,变动是否使公司控股股东及实际控制人发生变化,varchar(1000),,
kcb1214(控股股东或实际控制人发生变动的提示【二】),1214 控股股东或实际控制人发生变动的提示,f005Kcb1214,二级-变动前股份占比,varchar(1000),,
kcb1214(控股股东或实际控制人发生变动的提示【二】),1214 控股股东或实际控制人发生变动的提示,f006Kcb1214,变动后股份数量,varchar(1000),需要跟系统schema字段 （二级）-变动后股份数量  及  （二级）-变动后股份数量单位  组合,
kcb0426(与私募基金合作投资【三】),0426 与私募基金合作投资,f004Kcb0426,基金管理人情况,varchar(1000),,
kcb0426(与私募基金合作投资【三】),0426 与私募基金合作投资,f002Kcb0426,（二级）-出资方式,varchar(1000),,
kcb0426(与私募基金合作投资【三】),0426 与私募基金合作投资,f005Kcb0426,基金存续期和退出情况,varchar(1000),,
kcb0426(与私募基金合作投资【三】),0426 与私募基金合作投资,f006Kcb0426,基金投向,varchar(1000),,
kcb0426(与私募基金合作投资【三】),0426 与私募基金合作投资,f009Kcb0426,对公司影响,varchar(1000),,
kcb0426(与私募基金合作投资【三】),0426 与私募基金合作投资,f001Kcb0426,（二级）-合作对手方,varchar(1000),,
kcb0426(与私募基金合作投资【三】),0426 与私募基金合作投资,f003Kcb0426,投资金额,varchar(1000),元,
kcb0426(与私募基金合作投资【三】),0426 与私募基金合作投资,f007Kcb0426,基金决策程序,varchar(1000),,
kcb0426(与私募基金合作投资【三】),0426 与私募基金合作投资,f008Kcb0426,利润分配,varchar(1000),,
kcb0426(与私募基金合作投资【三】),0426 与私募基金合作投资,f010Kcb0426,风险提示,varchar(1000),,
kcb0426(与私募基金合作投资【三】),0426 与私募基金合作投资,f011Kcb0426,合同期限,varchar(1000),,
kcb0508(向关联人提供财务资助【二】),0508 向关联人提供财务资助,f006Kcb0508,（二级）-其他协议主体情况,varchar(1000),,
kcb0508(向关联人提供财务资助【二】),0508 向关联人提供财务资助,f002Kcb0508,（二级）-标的情况,varchar(1000),,
kcb0508(向关联人提供财务资助【二】),0508 向关联人提供财务资助,f003Kcb0508,（二级）-投资金额,varchar(1000),元,
kcb0508(向关联人提供财务资助【二】),0508 向关联人提供财务资助,f010Kcb0508,（二级）-是否是重大资产重组,varchar(1000),,
kcb0508(向关联人提供财务资助【二】),0508 向关联人提供财务资助,f011Kcb0508,（二级）-资金来源,varchar(1000),,
kcb0508(向关联人提供财务资助【二】),0508 向关联人提供财务资助,f004Kcb0508,（二级）-审议程序,varchar(1000),,
kcb0508(向关联人提供财务资助【二】),0508 向关联人提供财务资助,f008Kcb0508,（二级）-关联关系,varchar(1000),,
kcb0508(向关联人提供财务资助【二】),0508 向关联人提供财务资助,f001Kcb0508,（二级）-标的名称,varchar(1000),,
kcb0508(向关联人提供财务资助【二】),0508 向关联人提供财务资助,f005Kcb0508,（二级）-董事会审议否决及弃权情况,varchar(1000),,
kcb0508(向关联人提供财务资助【二】),0508 向关联人提供财务资助,f007Kcb0508,（二级）-是否是关联交易,varchar(1000),,
kcb0508(向关联人提供财务资助【二】),0508 向关联人提供财务资助,f009Kcb0508,（二级）-关联交易的必要性及对上市公司的影响,varchar(1000),,
kcb0528(关联交易的提示【二】),0528 关联交易的提示,f005Kcb0528,（二级）-交易对方名称,varchar(1000),,
kcb0528(关联交易的提示【二】),0528 关联交易的提示,f004Kcb0528,（二级）-审议程序（是否要上股东大会决议）,varchar(1000),,
kcb0528(关联交易的提示【二】),0528 关联交易的提示,f006Kcb0528,（二级）-关联关系,varchar(1000),,
kcb0528(关联交易的提示【二】),0528 关联交易的提示,f009Kcb0528,（二级）-是否属于境外资产,varchar(1000),,
kcb0528(关联交易的提示【二】),0528 关联交易的提示,f010Kcb0528,（二级）-标的的账面价值-金额,varchar(1000),元,
kcb0528(关联交易的提示【二】),0528 关联交易的提示,f008Kcb0528,（二级）-定价方式,varchar(1000),,
kcb0528(关联交易的提示【二】),0528 关联交易的提示,f001Kcb0528,交易标的名称,varchar(1000),需要跟系统schema字段组合 （二级）-交易标的名称(key)  及  （二级）-交易标的名称(补充)  组合,
kcb0528(关联交易的提示【二】),0528 关联交易的提示,f002Kcb0528,（二级）-交易金额-金额,varchar(1000),元,
kcb0528(关联交易的提示【二】),0528 关联交易的提示,f003Kcb0528,（二级）-关联交易类型,varchar(1000),,
kcb0528(关联交易的提示【二】),0528 关联交易的提示,f007Kcb0528,（二级）-关联交易的必要性及对上市公司的影响,varchar(1000),,
kcb0528(关联交易的提示【二】),0528 关联交易的提示,f011Kcb0528,（二级）-标的的评估值-金额,varchar(1000),元,
kcb0528(关联交易的提示【二】),0528 关联交易的提示,f012Kcb0528,（二级）-标的的增值率,varchar(1000),,
kcb1602(重大资产重组停牌期延长【三】),1602 重大资产重组停牌期延长,f003Kcb1602,复牌时间,varchar(1000),,
kcb1602(重大资产重组停牌期延长【三】),1602 重大资产重组停牌期延长,f001Kcb1602,停复牌原因描述,varchar(1000),,
kcb1602(重大资产重组停牌期延长【三】),1602 重大资产重组停牌期延长,f002Kcb1602,停牌时间,varchar(1000),,
kcb2615(重要前期会计差错更正【二】),2615 重要前期会计差错更正,f003Kcb2615,二级-对公司前期及当期收入及利润的影响,varchar(1000),,
kcb2615(重要前期会计差错更正【二】),2615 重要前期会计差错更正,f004Kcb2615,二级-更正前前期营业收入,varchar(1000),,
kcb2615(重要前期会计差错更正【二】),2615 重要前期会计差错更正,f005Kcb2615,二级-更正前净利润口径,varchar(1000),,
kcb2615(重要前期会计差错更正【二】),2615 重要前期会计差错更正,f009Kcb2615,二级-更正后净利润口径,varchar(1000),,
kcb2615(重要前期会计差错更正【二】),2615 重要前期会计差错更正,f001Kcb2615,二级-说明类型,varchar(1000),,
kcb2615(重要前期会计差错更正【二】),2615 重要前期会计差错更正,f002Kcb2615,二级-简单说明本次会计差错、会计政策或会计估计变更的内容,varchar(1000),,
kcb2615(重要前期会计差错更正【二】),2615 重要前期会计差错更正,f007Kcb2615,二级-更正前前期净资产,varchar(1000),,
kcb2615(重要前期会计差错更正【二】),2615 重要前期会计差错更正,f006Kcb2615,二级-更正前前期净利润,varchar(1000),,
kcb2615(重要前期会计差错更正【二】),2615 重要前期会计差错更正,f008Kcb2615,二级-更正后前期营业收入,varchar(1000),,
kcb2615(重要前期会计差错更正【二】),2615 重要前期会计差错更正,f010Kcb2615,二级-更正后前期净利润,varchar(1000),,
kcb2615(重要前期会计差错更正【二】),2615 重要前期会计差错更正,f011Kcb2615,二级-更正后前期净资产,varchar(1000),,
kcb2615(重要前期会计差错更正【二】),2615 重要前期会计差错更正,f012Kcb2615,二级-对公司的影响,varchar(1000),,
kcb2619(获得财政补贴【三】),2619 获得财政补贴,f001Kcb2619,（二级）-获得补助的原因,varchar(1000),,
kcb2619(获得财政补贴【三】),2619 获得财政补贴,f002Kcb2619,（二级）-收到补助的时间,varchar(1000),,
kcb2619(获得财政补贴【三】),2619 获得财政补贴,f003Kcb2619,（二级）-收到补助的金额,varchar(1000),需要跟系统schema字段组合 （二级）-收到补助的金额  及  （二级）-收到补助的金额单位  组合,
kcb2619(获得财政补贴【三】),2619 获得财政补贴,f004Kcb2619,（二级）-补助依据,varchar(1000),,
kcb0708(募集资金存放与使用情况报告【三】),0708 募集资金存放与使用情况报告,f001Kcb0708,（二级）-募集资金净额-金额,varchar(1000),元,
kcb0708(募集资金存放与使用情况报告【三】),0708 募集资金存放与使用情况报告,f002Kcb0708,（二级）-募集资金余额-金额,varchar(1000),元,
kcb0708(募集资金存放与使用情况报告【三】),0708 募集资金存放与使用情况报告,f005Kcb0708,是否存在变更-存在变更的原因和情况,varchar(1000),,
kcb0708(募集资金存放与使用情况报告【三】),0708 募集资金存放与使用情况报告,f004Kcb0708,是否存在变更-是否存在,varchar(1000),,
kcb0708(募集资金存放与使用情况报告【三】),0708 募集资金存放与使用情况报告,f003Kcb0708,前次募集和本次募集差异情况,varchar(1000),该字段下有两个子字段,
kcb1921(可转债募集说明书摘要【三】),1921 可转债募集说明书摘要,f008Kcb1921,是否存在老股东优先配售,varchar(1000),,
kcb1921(可转债募集说明书摘要【三】),1921 可转债募集说明书摘要,f009Kcb1921,募集资金补充流动资金（补流）的说明,varchar(1000),,
kcb1921(可转债募集说明书摘要【三】),1921 可转债募集说明书摘要,f003Kcb1921,可转债发行的利率,varchar(1000),,
kcb1921(可转债募集说明书摘要【三】),1921 可转债募集说明书摘要,f011Kcb1921,主体资信评级,varchar(1000),,
kcb1921(可转债募集说明书摘要【三】),1921 可转债募集说明书摘要,f012Kcb1921,可转债资信评级,varchar(1000),,
kcb1921(可转债募集说明书摘要【三】),1921 可转债募集说明书摘要,f001Kcb1921,可转债发行的金额,varchar(1000),元,
kcb1921(可转债募集说明书摘要【三】),1921 可转债募集说明书摘要,f005Kcb1921,可转债的赎回条款,varchar(1000),,
kcb1921(可转债募集说明书摘要【三】),1921 可转债募集说明书摘要,f002Kcb1921,可转债发行的存续期,varchar(1000),,
kcb1921(可转债募集说明书摘要【三】),1921 可转债募集说明书摘要,f004Kcb1921,可转债的利率调整机制,varchar(1000),,
kcb1921(可转债募集说明书摘要【三】),1921 可转债募集说明书摘要,f006Kcb1921,可转债的回售条款,varchar(1000),,
kcb1921(可转债募集说明书摘要【三】),1921 可转债募集说明书摘要,f007Kcb1921,可转债的转股价格调整机制（如有）,varchar(1000),,
kcb1921(可转债募集说明书摘要【三】),1921 可转债募集说明书摘要,f010Kcb1921,是否有担保,varchar(1000),,
kcb1921(可转债募集说明书摘要【三】),1921 可转债募集说明书摘要,f013Kcb1921,初始转股价,varchar(1000),元,
kcb1921(可转债募集说明书摘要【三】),1921 可转债募集说明书摘要,f014Kcb1921,可转债面值,varchar(1000),元,
kcb0419(签订日常经营合同【二】),0419 签订日常经营合同,f005Kcb0419,（二级）-合同履行期限,varchar(1000),,
kcb0419(签订日常经营合同【二】),0419 签订日常经营合同,f006Kcb0419,（二级）-合同标的情况,varchar(1000),,
kcb0419(签订日常经营合同【二】),0419 签订日常经营合同,f002Kcb0419,（二级）-合同金额-金额,varchar(1000),元,
kcb0419(签订日常经营合同【二】),0419 签订日常经营合同,f009Kcb0419,（二级）-合同履行对上市公司的影响,varchar(1000),,
kcb0419(签订日常经营合同【二】),0419 签订日常经营合同,f010Kcb0419,（二级）-审议程序情况（是否要上股东大会决议）,varchar(1000),,
kcb0419(签订日常经营合同【二】),0419 签订日常经营合同,f001Kcb0419,（二级）-合同类型,varchar(1000),,
kcb0419(签订日常经营合同【二】),0419 签订日常经营合同,f003Kcb0419,（二级）-合同生效条件,varchar(1000),,
kcb0419(签订日常经营合同【二】),0419 签订日常经营合同,f011Kcb0419,（二级）-董事会反对及弃权情况,varchar(1000),,
kcb0419(签订日常经营合同【二】),0419 签订日常经营合同,f012Kcb0419,（二级）-资金来源,varchar(1000),,
kcb0419(签订日常经营合同【二】),0419 签订日常经营合同,f004Kcb0419,（二级）-支付方式,varchar(1000),,
kcb0419(签订日常经营合同【二】),0419 签订日常经营合同,f007Kcb0419,（二级）-合同对方名称,varchar(1000),,
kcb0419(签订日常经营合同【二】),0419 签订日常经营合同,f008Kcb0419,合同对方是否为关联方及其关联关系,varchar(1000),系统中拆分为（二级）-合同对方是否为关联方、（二级）-关联关系,
kcb1402(再融资预案【三】),1402 再融资预案,f002Kcb1402,（二级）-再融资类型,varchar(1000),,
kcb1402(再融资预案【三】),1402 再融资预案,f010Kcb1402,（二级）-公开发行对象认购信息,varchar(1000),,
kcb1402(再融资预案【三】),1402 再融资预案,f004Kcb1402,（二级）-募集资金金额-金额,varchar(1000),元,
kcb1402(再融资预案【三】),1402 再融资预案,f001Kcb1402,（二级）-价格定价方式,varchar(1000),,
kcb1402(再融资预案【三】),1402 再融资预案,f003Kcb1402,（二级）-募集资金用途,varchar(1000),,
kcb1402(再融资预案【三】),1402 再融资预案,f005Kcb1402,（二级）-发行股票数量-金额,varchar(1000),元,
kcb1402(再融资预案【三】),1402 再融资预案,f007Kcb1402,（二级）-是否构成关联交易,varchar(1000),,
kcb1402(再融资预案【三】),1402 再融资预案,f008Kcb1402,（二级）-是否构成重大资产重组,varchar(1000),,
kcb1402(再融资预案【三】),1402 再融资预案,f009Kcb1402,（二级）-限售期,varchar(1000),,
kcb1402(再融资预案【三】),1402 再融资预案,f006Kcb1402,（二级）-是否会导致公司控股股东和实际控制人发生变化,varchar(1000),,
kcb0401(购买资产【二】),0401 购买资产,f008Kcb0401,（二级）-标的评估值,varchar(1000),元,
kcb0401(购买资产【二】),0401 购买资产,f007Kcb0401,（二级）-标的的账面价值,varchar(1000),元,
kcb0401(购买资产【二】),0401 购买资产,f009Kcb0401,（二级）-标的的增值率,varchar(1000),,
kcb0401(购买资产【二】),0401 购买资产,f006Kcb0401,（二级）-定价方式,varchar(1000),,
kcb0401(购买资产【二】),0401 购买资产,f002Kcb0401,出售或购买的标的名称,varchar(1000),系统拆分为（二级）-出售或购买的标的名称（key）、（二级）-出售或购买的标的名称（补充）,
kcb0401(购买资产【二】),0401 购买资产,f003Kcb0401,（二级）-出售或购买的标的类别,varchar(1000),,
kcb0401(购买资产【二】),0401 购买资产,f010Kcb0401,（二级）-交易对手方,varchar(1000),,
kcb0401(购买资产【二】),0401 购买资产,f011Kcb0401,（二级）-交易对手方与公司是否有关联关系,varchar(1000),,
kcb0401(购买资产【二】),0401 购买资产,f012Kcb0401,（二级）-关联关系（如是关联交易）,varchar(1000),,
kcb0401(购买资产【二】),0401 购买资产,f004Kcb0401,（二级）-是否属于境外资产,varchar(1000),,
kcb0401(购买资产【二】),0401 购买资产,f001Kcb0401,（二级）-交易事项,varchar(1000),,
kcb0401(购买资产【二】),0401 购买资产,f005Kcb0401,（二级）-交易金额,varchar(1000),元,
kcb0401(购买资产【二】),0401 购买资产,f013Kcb0401,（二级）-关联交易的必要性及对上市公司的影响（如是关联交易）,varchar(1000),,
kcb0401(购买资产【二】),0401 购买资产,f014Kcb0401,（二级）-本次交易带来的影响,varchar(1000),,
kcb0401(购买资产【二】),0401 购买资产,f015Kcb0401,（二级）-资金来源,varchar(1000),,
kcb0401(购买资产【二】),0401 购买资产,f016Kcb0401,董事会审议反对及弃权情况,varchar(1000),投票情况、姓名、理由,
kcb0421(新建项目【二】),0421 新建项目,f009Kcb0421,（二级）-关联关系（如是关联交易）,varchar(1000),,
kcb0421(新建项目【二】),0421 新建项目,f010Kcb0421,（二级）-关联交易的必要性及对上市公司的影响（如是关联交易）,varchar(1000),,
kcb0421(新建项目【二】),0421 新建项目,f008Kcb0421,（二级）-是否是关联交易,varchar(1000),,
kcb0421(新建项目【二】),0421 新建项目,f001Kcb0421,（二级）-标的名称,varchar(1000),,
kcb0421(新建项目【二】),0421 新建项目,f002Kcb0421,（二级）-标的情况,varchar(1000),,
kcb0421(新建项目【二】),0421 新建项目,f003Kcb0421,（二级）-投资金额-金额,varchar(1000),元,
kcb0421(新建项目【二】),0421 新建项目,f007Kcb0421,（二级）-其他协议主体情况,varchar(1000),,
kcb0421(新建项目【二】),0421 新建项目,f011Kcb0421,（二级）-是否是重大资产重组,varchar(1000),,
kcb0421(新建项目【二】),0421 新建项目,f012Kcb0421,（二级）-资金来源,varchar(1000),,
kcb0421(新建项目【二】),0421 新建项目,f005Kcb0421,董事会审议否决及弃权情况,varchar(1000),投票情况、姓名、理由,
kcb0421(新建项目【二】),0421 新建项目,f004Kcb0421,（二级）-审议程序（是否要上股东大会决议）,varchar(1000),,
kcb0421(新建项目【二】),0421 新建项目,f006Kcb0421,（二级）-对上市公司的影响,varchar(1000),,
kcb0706(科创板上市公司募集资金临时补充流动资金),0706 科创板上市公司募集资金临时补充流动资金,f006Kcb0706,募集资金的到账时间原文,varchar(1000),,
kcb0706(科创板上市公司募集资金临时补充流动资金),0706 科创板上市公司募集资金临时补充流动资金,f002Kcb0706,补充流动资金的金额原文,varchar(1000),,
kcb0706(科创板上市公司募集资金临时补充流动资金),0706 科创板上市公司募集资金临时补充流动资金,f003Kcb0706,补充流动资金的金额原文单位,varchar(1000),,
kcb0706(科创板上市公司募集资金临时补充流动资金),0706 科创板上市公司募集资金临时补充流动资金,f010Kcb0706,募集资金净额原文单位,varchar(1000),,
kcb0706(科创板上市公司募集资金临时补充流动资金),0706 科创板上市公司募集资金临时补充流动资金,f004Kcb0706,补充流动资金的期限,varchar(1000),,
kcb0706(科创板上市公司募集资金临时补充流动资金),0706 科创板上市公司募集资金临时补充流动资金,f008Kcb0706,募集资金净额,varchar(1000),元,
kcb0706(科创板上市公司募集资金临时补充流动资金),0706 科创板上市公司募集资金临时补充流动资金,f001Kcb0706,补充流动资金的金额-金额,varchar(1000),元,
kcb0706(科创板上市公司募集资金临时补充流动资金),0706 科创板上市公司募集资金临时补充流动资金,f005Kcb0706,募集资金的到账时间,varchar(1000),,
kcb0706(科创板上市公司募集资金临时补充流动资金),0706 科创板上市公司募集资金临时补充流动资金,f007Kcb0706,借用资金的目的,varchar(1000),,
kcb0706(科创板上市公司募集资金临时补充流动资金),0706 科创板上市公司募集资金临时补充流动资金,f009Kcb0706,募集资金净额原文,varchar(1000),,
kcb0902(董事会审议高送转【二】),0902 董事会审议高送转,f005Kcb0902,高送转提议人,varchar(1000),,
kcb0902(董事会审议高送转【二】),0902 董事会审议高送转,f004Kcb0902,利润分配或公积金转增股本的具体比例,varchar(1000),小数,
kcb0902(董事会审议高送转【二】),0902 董事会审议高送转,f006Kcb0902,持股比例,varchar(1000),小数,
kcb0902(董事会审议高送转【二】),0902 董事会审议高送转,f010Kcb0902,审议程序,varchar(1000),,
kcb0902(董事会审议高送转【二】),0902 董事会审议高送转,f009Kcb0902,董事会关于高送转的合理性和可行性的说明,varchar(1000),,
kcb0902(董事会审议高送转【二】),0902 董事会审议高送转,f008Kcb0902,提议理由,varchar(1000),,
kcb0902(董事会审议高送转【二】),0902 董事会审议高送转,f001Kcb0902,高送转议案的主要内容,varchar(1000),,
kcb0902(董事会审议高送转【二】),0902 董事会审议高送转,f002Kcb0902,是否有减持计划,varchar(1000),,
kcb0902(董事会审议高送转【二】),0902 董事会审议高送转,f003Kcb0902,减持计划的内容,varchar(1000),,
kcb0902(董事会审议高送转【二】),0902 董事会审议高送转,f007Kcb0902,是否是控股股东,varchar(1000),,
kcb0902(董事会审议高送转【二】),0902 董事会审议高送转,f011Kcb0902,董事否决弃权情况,varchar(1000),,
kcb1601(进入重大资产重组程序停牌【三】),1601 进入重大资产重组程序停牌,f001Kcb1601,停复牌原因描述,varchar(1000),,
kcb1601(进入重大资产重组程序停牌【三】),1601 进入重大资产重组程序停牌,f002Kcb1601,停牌时间,varchar(1000),,
kcb1601(进入重大资产重组程序停牌【三】),1601 进入重大资产重组程序停牌,f003Kcb1601,复牌时间,varchar(1000),,
